datetime,novalue,offline,online
2018-10-20 00:00:00,433.0,,
2018-10-20 01:00:00,325.0,,
2018-10-20 02:00:00,253.0,,
2018-10-20 03:00:00,151.0,,
2018-10-20 04:00:00,97.0,,
2018-10-20 05:00:00,52.0,,
2018-10-20 06:00:00,15.0,,
2018-10-20 07:00:00,11.0,,
2018-10-20 08:00:00,62.0,,
2018-10-20 09:00:00,248.0,,
2018-10-20 10:00:00,91.0,,
2018-10-20 11:00:00,45.0,,
2018-10-20 12:00:00,246.0,,
2018-10-20 13:00:00,566.0,,
2018-10-20 14:00:00,699.0,,
2018-10-20 15:00:00,814.0,,
2018-10-20 16:00:00,803.0,,
2018-10-20 17:00:00,726.0,,
2018-10-20 18:00:00,809.0,,
2018-10-20 19:00:00,847.0,,
2018-10-20 20:00:00,898.0,,
2018-10-20 21:00:00,829.0,,
2018-10-20 22:00:00,656.0,,
2018-10-20 23:00:00,531.0,,
2018-10-21 00:00:00,340.0,,
2018-10-21 01:00:00,261.0,,
2018-10-21 02:00:00,166.0,,
2018-10-21 03:00:00,109.0,,
2018-10-21 04:00:00,75.0,,
2018-10-21 05:00:00,43.0,,
2018-10-21 06:00:00,20.0,,
2018-10-21 07:00:00,14.0,,
2018-10-21 08:00:00,144.0,,
2018-10-21 09:00:00,174.0,,
2018-10-21 10:00:00,16.0,,
2018-10-21 11:00:00,30.0,,
2018-10-21 12:00:00,143.0,,
2018-10-21 13:00:00,316.0,,
2018-10-21 14:00:00,450.0,,
2018-10-21 15:00:00,500.0,,
2018-10-21 16:00:00,494.0,,
2018-10-21 17:00:00,490.0,,
2018-10-21 18:00:00,592.0,,
2018-10-21 19:00:00,568.0,,
2018-10-21 20:00:00,600.0,,
2018-10-21 21:00:00,580.0,,
2018-10-21 22:00:00,420.0,,
2018-10-21 23:00:00,313.0,,
2018-10-22 00:00:00,272.0,,
2018-10-22 01:00:00,183.0,,
2018-10-22 02:00:00,122.0,,
2018-10-22 03:00:00,77.0,,
2018-10-22 04:00:00,40.0,,
2018-10-22 05:00:00,21.0,,
2018-10-22 06:00:00,7.0,,
2018-10-22 07:00:00,8.0,,
2018-10-22 08:00:00,96.0,,
2018-10-22 09:00:00,197.0,,
2018-10-22 10:00:00,28.0,,
2018-10-22 11:00:00,28.0,,
2018-10-22 12:00:00,170.0,,
2018-10-22 13:00:00,488.0,,
2018-10-22 14:00:00,682.0,,
2018-10-22 15:00:00,720.0,,
2018-10-22 16:00:00,748.0,,
2018-10-22 17:00:00,651.0,,
2018-10-22 18:00:00,730.0,,
2018-10-22 19:00:00,864.0,,
2018-10-22 20:00:00,766.0,,
2018-10-22 21:00:00,856.0,,
2018-10-22 22:00:00,673.0,,
2018-10-22 23:00:00,587.0,,
2018-10-23 00:00:00,470.0,,
2018-10-23 01:00:00,350.0,,
2018-10-23 02:00:00,186.0,,
2018-10-23 03:00:00,114.0,,
2018-10-23 04:00:00,48.0,,
2018-10-23 05:00:00,28.0,,
2018-10-23 06:00:00,16.0,,
2018-10-23 07:00:00,39.0,,
2018-10-23 08:00:00,108.0,,
2018-10-23 09:00:00,139.0,,
2018-10-23 10:00:00,79.0,,
2018-10-23 11:00:00,103.0,,
2018-10-23 12:00:00,473.0,,
2018-10-23 13:00:00,1234.0,,
2018-10-23 14:00:00,1334.0,,
2018-10-23 15:00:00,1285.0,,
2018-10-23 16:00:00,1210.0,,
2018-10-23 17:00:00,1165.0,,
2018-10-23 18:00:00,1152.0,,
2018-10-23 19:00:00,1117.0,,
2018-10-23 20:00:00,1192.0,,
2018-10-23 21:00:00,1263.0,,
2018-10-23 22:00:00,1211.0,,
2018-10-23 23:00:00,1260.0,,
2018-10-24 00:00:00,1341.0,,
2018-10-24 01:00:00,1293.0,,
2018-10-24 02:00:00,1241.0,,
2018-10-24 03:00:00,1161.0,,
2018-10-24 04:00:00,1165.0,,
2018-10-24 05:00:00,1133.0,,
2018-10-24 06:00:00,615.0,,
2018-10-24 07:00:00,49.0,,
2018-10-24 08:00:00,139.0,,
2018-10-24 09:00:00,189.0,,
2018-10-24 10:00:00,50.0,,
2018-10-24 11:00:00,95.0,,
2018-10-24 12:00:00,511.0,,
2018-10-24 13:00:00,1138.0,,
2018-10-24 14:00:00,1266.0,,
2018-10-24 15:00:00,1276.0,,
2018-10-24 16:00:00,1236.0,,
2018-10-24 17:00:00,1423.0,,
2018-10-24 18:00:00,1438.0,,
2018-10-24 19:00:00,1359.0,,
2018-10-24 20:00:00,2878.0,,
2018-10-24 21:00:00,1488.0,,
2018-10-24 22:00:00,1456.0,,
2018-10-24 23:00:00,1345.0,,
2018-10-25 00:00:00,1427.0,,
2018-10-25 01:00:00,1457.0,,
2018-10-25 02:00:00,1517.0,,
2018-10-25 03:00:00,1464.0,,
2018-10-25 04:00:00,1449.0,,
2018-10-25 05:00:00,1445.0,,
2018-10-25 06:00:00,1410.0,,
2018-10-25 07:00:00,1416.0,,
2018-10-25 08:00:00,1426.0,,
2018-10-25 09:00:00,1332.0,,
2018-10-25 10:00:00,1101.0,,
2018-10-25 11:00:00,628.0,,
2018-10-25 12:00:00,1071.0,,
2018-10-25 13:00:00,1492.0,,
2018-10-25 14:00:00,1529.0,,
2018-10-25 15:00:00,1524.0,,
2018-10-25 16:00:00,1477.0,,
2018-10-25 17:00:00,1404.0,,
2018-10-25 18:00:00,1487.0,,
2018-10-25 19:00:00,1578.0,,
2018-10-25 20:00:00,1560.0,,
2018-10-25 21:00:00,1618.0,,
2018-10-25 22:00:00,1765.0,,
2018-10-25 23:00:00,1623.0,,
2018-10-26 00:00:00,1614.0,,
2018-10-26 01:00:00,1164.0,,
2018-10-26 02:00:00,1562.0,,
2018-10-26 03:00:00,1661.0,,
2018-10-26 04:00:00,1557.0,,
2018-10-26 05:00:00,1564.0,,
2018-10-26 06:00:00,1572.0,,
2018-10-26 07:00:00,1578.0,,
2018-10-26 08:00:00,1579.0,,
2018-10-26 09:00:00,1506.0,,
2018-10-26 10:00:00,1610.0,,
2018-10-26 11:00:00,1569.0,,
2018-10-26 12:00:00,1583.0,,
2018-10-26 13:00:00,1401.0,,
2018-10-26 14:00:00,915.0,,
2018-10-26 15:00:00,1550.0,,
2018-10-26 16:00:00,1537.0,,
2018-10-26 17:00:00,1553.0,,
2018-10-26 18:00:00,1522.0,,
2018-10-26 19:00:00,1524.0,,
2018-10-26 20:00:00,1532.0,,
2018-10-26 21:00:00,3809.0,,
2018-10-26 22:00:00,4104.0,,
2018-10-26 23:00:00,4126.0,,
2018-10-27 00:00:00,4172.0,,
2018-10-27 01:00:00,3437.0,,
2018-10-27 02:00:00,2709.0,,
2018-10-27 03:00:00,2449.0,,
2018-10-27 04:00:00,2471.0,,
2018-10-27 05:00:00,2083.0,,
2018-10-27 06:00:00,1796.0,,
2018-10-27 07:00:00,1751.0,,
2018-10-27 08:00:00,1984.0,,
2018-10-27 09:00:00,2060.0,,
2018-10-27 10:00:00,1867.0,,
2018-10-27 11:00:00,1812.0,,
2018-10-27 12:00:00,2519.0,,
2018-10-27 13:00:00,3538.0,,
2018-10-27 14:00:00,4181.0,,
2018-10-27 15:00:00,4263.0,,
2018-10-27 16:00:00,4127.0,,
2018-10-27 17:00:00,4181.0,,
2018-10-27 18:00:00,4220.0,,
2018-10-27 19:00:00,4222.0,,
2018-10-27 20:00:00,4219.0,,
2018-10-27 21:00:00,4193.0,,
2018-10-27 22:00:00,4272.0,,
2018-10-27 23:00:00,4207.0,,
2018-10-28 00:00:00,4239.0,,
2018-10-28 01:00:00,4124.0,,
2018-10-28 02:00:00,4155.0,,
2018-10-28 03:00:00,2204.0,,
2018-10-28 04:00:00,1330.0,,
2018-10-28 05:00:00,540.0,,
2018-10-28 06:00:00,253.0,,
2018-10-28 07:00:00,115.0,,
2018-10-28 08:00:00,392.0,,
2018-10-28 09:00:00,612.0,,
2018-10-28 10:00:00,390.0,,
2018-10-28 11:00:00,218.0,,
2018-10-28 12:00:00,888.0,,
2018-10-28 13:00:00,1857.0,,
2018-10-28 14:00:00,2525.0,,
2018-10-28 15:00:00,3000.0,,
2018-10-28 16:00:00,3400.0,,
2018-10-28 17:00:00,3271.0,,
2018-10-28 18:00:00,3537.0,,
2018-10-28 19:00:00,3489.0,,
2018-10-28 20:00:00,3457.0,,
2018-10-28 21:00:00,3712.0,,
2018-10-28 22:00:00,2960.0,,
2018-10-28 23:00:00,2527.0,,
2018-10-29 00:00:00,2087.0,,
2018-10-29 01:00:00,1494.0,,
2018-10-29 02:00:00,1205.0,,
2018-10-29 03:00:00,835.0,,
2018-10-29 04:00:00,718.0,,
2018-10-29 05:00:00,643.0,,
2018-10-29 06:00:00,500.0,,
2018-10-29 07:00:00,58.0,,
2018-10-29 08:00:00,277.0,,
2018-10-29 09:00:00,227.0,,
2018-10-29 10:00:00,619.0,,
2018-10-29 11:00:00,260.0,,
2018-10-29 12:00:00,1067.0,,
2018-10-29 13:00:00,2247.0,,
2018-10-29 14:00:00,3259.0,,
2018-10-29 15:00:00,3589.0,,
2018-10-29 16:00:00,2362.0,,
2018-10-29 17:00:00,2397.0,,
2018-10-29 18:00:00,4108.0,,
2018-10-29 19:00:00,4100.0,,
2018-10-29 20:00:00,3995.0,,
2018-10-29 21:00:00,3723.0,,
2018-10-29 22:00:00,3515.0,,
2018-10-29 23:00:00,3375.0,,
2018-10-30 00:00:00,3341.0,,
2018-10-30 01:00:00,3079.0,,
2018-10-30 02:00:00,2809.0,,
2018-10-30 03:00:00,1765.0,,
2018-10-30 04:00:00,1008.0,,
2018-10-30 05:00:00,827.0,,
2018-10-30 06:00:00,356.0,,
2018-10-30 07:00:00,188.0,,
2018-10-30 08:00:00,471.0,,
2018-10-30 09:00:00,527.0,,
2018-10-30 10:00:00,371.0,,
2018-10-30 11:00:00,317.0,,
2018-10-30 12:00:00,1154.0,,
2018-10-30 13:00:00,2526.0,,
2018-10-30 14:00:00,1393.0,,
2018-10-30 15:00:00,1182.0,,
2018-10-30 16:00:00,1246.0,,
2018-10-30 17:00:00,1107.0,,
2018-10-30 18:00:00,1144.0,,
2018-10-30 19:00:00,1092.0,,
2018-10-30 20:00:00,1061.0,,
2018-10-30 21:00:00,1129.0,,
2018-10-30 22:00:00,425.0,,
2018-10-30 23:00:00,1.0,,
2018-10-31 00:00:00,2839.0,,
2018-10-31 01:00:00,48749.0,,
2018-10-31 02:00:00,2987.0,,
2018-10-31 03:00:00,2324.0,,
2018-10-31 04:00:00,2613.0,,
2018-10-31 05:00:00,2149.0,,
2018-10-31 06:00:00,2607.0,,
2018-10-31 07:00:00,2067.0,,
2018-10-31 08:00:00,1203.0,,
2018-10-31 09:00:00,570.0,,
2018-10-31 10:00:00,247.0,,
2018-10-31 11:00:00,351.0,,
2018-10-31 12:00:00,1173.0,,
2018-10-31 13:00:00,2579.0,,
2018-10-31 14:00:00,3719.0,,
2018-10-31 15:00:00,4064.0,,
2018-10-31 16:00:00,4360.0,,
2018-10-31 17:00:00,3462.0,,
2018-10-31 18:00:00,3934.0,,
2018-10-31 19:00:00,3473.0,,
2018-10-31 20:00:00,3256.0,,
2018-10-31 21:00:00,2936.0,,
2018-10-31 22:00:00,3772.0,,
2018-10-31 23:00:00,3729.0,,
2018-11-01 00:00:00,3436.0,,
2018-11-01 01:00:00,2714.0,,
2018-11-01 02:00:00,2889.0,,
2018-11-01 03:00:00,2800.0,,
2018-11-01 04:00:00,1325.0,,
2018-11-01 05:00:00,1093.0,,
2018-11-01 06:00:00,916.0,,
2018-11-01 07:00:00,259.0,,
2018-11-01 08:00:00,628.0,,
2018-11-01 09:00:00,509.0,,
2018-11-01 10:00:00,479.0,,
2018-11-01 11:00:00,389.0,,
2018-11-01 12:00:00,1282.0,,
2018-11-01 13:00:00,2641.0,,
2018-11-01 14:00:00,3520.0,,
2018-11-01 15:00:00,4211.0,,
2018-11-01 16:00:00,2543.0,,
2018-11-01 17:00:00,299.0,,
2018-11-01 21:00:00,36776.0,,
2018-11-01 22:00:00,3899.0,,
2018-11-01 23:00:00,3567.0,,
2018-11-02 00:00:00,3509.0,,
2018-11-02 01:00:00,3157.0,,
2018-11-02 02:00:00,2874.0,,
2018-11-02 03:00:00,2793.0,,
2018-11-02 04:00:00,1344.0,,
2018-11-02 05:00:00,992.0,,
2018-11-02 06:00:00,609.0,,
2018-11-02 07:00:00,195.0,,
2018-11-02 08:00:00,231.0,,
2018-11-02 09:00:00,386.0,,
2018-11-02 10:00:00,296.0,,
2018-11-02 11:00:00,324.0,,
2018-11-02 12:00:00,1333.0,,
2018-11-02 13:00:00,2748.0,,
2018-11-02 14:00:00,3643.0,,
2018-11-02 15:00:00,3911.0,,
2018-11-02 16:00:00,3797.0,,
2018-11-02 17:00:00,3890.0,,
2018-11-02 18:00:00,3854.0,,
2018-11-02 19:00:00,3917.0,,
2018-11-02 20:00:00,3915.0,,
2018-11-02 21:00:00,3613.0,,
2018-11-02 22:00:00,3526.0,,
2018-11-02 23:00:00,3522.0,,
2018-11-03 00:00:00,3276.0,,
2018-11-03 01:00:00,3065.0,,
2018-11-03 02:00:00,3003.0,,
2018-11-03 03:00:00,2872.0,,
2018-11-03 04:00:00,2618.0,,
2018-11-03 05:00:00,1167.0,,
2018-11-03 06:00:00,459.0,,
2018-11-03 07:00:00,165.0,,
2018-11-03 08:00:00,372.0,,
2018-11-03 09:00:00,510.0,,
2018-11-03 10:00:00,335.0,,
2018-11-03 11:00:00,355.0,,
2018-11-03 12:00:00,1313.0,,
2018-11-03 13:00:00,2851.0,,
2018-11-03 14:00:00,3481.0,,
2018-11-03 15:00:00,4051.0,,
2018-11-03 16:00:00,3987.0,,
2018-11-03 17:00:00,3835.0,,
2018-11-03 18:00:00,3789.0,,
2018-11-03 19:00:00,3879.0,,
2018-11-03 20:00:00,3697.0,,
2018-11-03 21:00:00,3718.0,,
2018-11-03 22:00:00,3793.0,,
2018-11-03 23:00:00,3709.0,,
2018-11-04 00:00:00,3569.0,,
2018-11-04 01:00:00,2914.0,,
2018-11-04 02:00:00,3037.0,,
2018-11-04 03:00:00,3024.0,,
2018-11-04 04:00:00,1006.0,,
2018-11-04 05:00:00,1146.0,,
2018-11-04 06:00:00,710.0,,
2018-11-04 07:00:00,205.0,,
2018-11-04 08:00:00,27.0,,
2018-11-04 09:00:00,31.0,,
2018-11-04 10:00:00,442.0,,
2018-11-04 11:00:00,491.0,,
2018-11-04 12:00:00,688.0,,
2018-11-04 13:00:00,1319.0,,
2018-11-04 14:00:00,2073.0,,
2018-11-04 15:00:00,2734.0,,
2018-11-04 16:00:00,3336.0,,
2018-11-04 17:00:00,3473.0,,
2018-11-04 18:00:00,3432.0,,
2018-11-04 19:00:00,3534.0,,
2018-11-04 20:00:00,3825.0,,
2018-11-04 21:00:00,3626.0,,
2018-11-04 22:00:00,3541.0,,
2018-11-04 23:00:00,3151.0,,
2018-11-05 00:00:00,2489.0,,
2018-11-05 01:00:00,1935.0,,
2018-11-05 02:00:00,1320.0,,
2018-11-05 03:00:00,930.0,,
2018-11-05 04:00:00,726.0,,
2018-11-05 05:00:00,564.0,,
2018-11-05 06:00:00,833.0,,
2018-11-05 07:00:00,547.0,,
2018-11-05 08:00:00,72.0,,
2018-11-05 09:00:00,214.0,,
2018-11-05 10:00:00,218.0,,
2018-11-05 11:00:00,301.0,,
2018-11-05 12:00:00,397.0,,
2018-11-05 13:00:00,1228.0,,
2018-11-05 14:00:00,2573.0,,
2018-11-05 15:00:00,3452.0,,
2018-11-05 16:00:00,3811.0,,
2018-11-05 17:00:00,3509.0,,
2018-11-05 18:00:00,3677.0,,
2018-11-05 19:00:00,3566.0,,
2018-11-05 20:00:00,3626.0,,
2018-11-05 21:00:00,3769.0,,
2018-11-05 22:00:00,3779.0,,
2018-11-05 23:00:00,3795.0,,
2018-11-06 00:00:00,3480.0,,
2018-11-06 01:00:00,3162.0,,
2018-11-06 02:00:00,2960.0,,
2018-11-06 03:00:00,3010.0,,
2018-11-06 04:00:00,1045.0,,
2018-11-06 05:00:00,920.0,,
2018-11-06 06:00:00,853.0,,
2018-11-06 07:00:00,510.0,,
2018-11-06 08:00:00,362.0,,
2018-11-06 09:00:00,413.0,,
2018-11-06 10:00:00,490.0,,
2018-11-06 11:00:00,294.0,,
2018-11-06 12:00:00,441.0,,
2018-11-06 13:00:00,1487.0,,
2018-11-06 14:00:00,2880.0,,
2018-11-06 15:00:00,3553.0,,
2018-11-06 16:00:00,3414.0,,
2018-11-06 17:00:00,3404.0,,
2018-11-06 18:00:00,3453.0,,
2018-11-06 19:00:00,3140.0,,
2018-11-06 20:00:00,2783.0,,
2018-11-06 21:00:00,3079.0,,
2018-11-06 22:00:00,3560.0,,
2018-11-06 23:00:00,3304.0,,
2018-11-07 00:00:00,3213.0,,
2018-11-07 01:00:00,3407.0,,
2018-11-07 02:00:00,3165.0,,
2018-11-07 03:00:00,3135.0,,
2018-11-07 04:00:00,2853.0,,
2018-11-07 05:00:00,2586.0,,
2018-11-07 06:00:00,2726.0,,
2018-11-07 07:00:00,2111.0,,
2018-11-07 08:00:00,238.0,,
2018-11-07 09:00:00,373.0,,
2018-11-07 10:00:00,610.0,,
2018-11-07 11:00:00,371.0,,
2018-11-07 12:00:00,428.0,,
2018-11-07 13:00:00,1236.0,,
2018-11-07 14:00:00,2724.0,,
2018-11-07 15:00:00,3330.0,,
2018-11-07 16:00:00,3665.0,,
2018-11-07 17:00:00,3911.0,,
2018-11-07 18:00:00,3943.0,,
2018-11-07 19:00:00,3858.0,,
2018-11-07 20:00:00,3942.0,,
2018-11-07 21:00:00,4014.0,,
2018-11-07 22:00:00,4034.0,,
2018-11-07 23:00:00,3813.0,,
2018-11-08 00:00:00,3898.0,,
2018-11-08 01:00:00,3283.0,,
2018-11-08 02:00:00,3029.0,,
2018-11-08 03:00:00,2998.0,,
2018-11-08 04:00:00,2912.0,,
2018-11-08 05:00:00,2845.0,,
2018-11-08 06:00:00,2026.0,,
2018-11-08 07:00:00,332.0,,
2018-11-08 08:00:00,291.0,,
2018-11-08 09:00:00,382.0,,
2018-11-08 10:00:00,536.0,,
2018-11-08 11:00:00,320.0,,
2018-11-08 12:00:00,382.0,,
2018-11-08 13:00:00,1369.0,,
2018-11-08 14:00:00,2628.0,,
2018-11-08 15:00:00,3617.0,,
2018-11-08 16:00:00,3928.0,,
2018-11-08 17:00:00,4098.0,,
2018-11-08 18:00:00,3987.0,,
2018-11-08 19:00:00,3961.0,,
2018-11-08 20:00:00,3765.0,,
2018-11-08 21:00:00,4104.0,,
2018-11-08 22:00:00,4163.0,,
2018-11-08 23:00:00,4037.0,,
2018-11-09 00:00:00,3610.0,,
2018-11-09 01:00:00,3308.0,,
2018-11-09 02:00:00,3010.0,,
2018-11-09 03:00:00,2335.0,,
2018-11-09 04:00:00,990.0,,
2018-11-09 05:00:00,718.0,,
2018-11-09 06:00:00,1004.0,,
2018-11-09 07:00:00,791.0,,
2018-11-09 08:00:00,272.0,,
2018-11-09 09:00:00,109.0,,
2018-11-09 10:00:00,284.0,,
2018-11-09 11:00:00,266.0,,
2018-11-09 12:00:00,458.0,,
2018-11-09 13:00:00,1373.0,,
2018-11-09 14:00:00,2694.0,,
2018-11-09 15:00:00,3748.0,,
2018-11-09 16:00:00,3978.0,,
2018-11-09 17:00:00,4092.0,,
2018-11-09 18:00:00,4053.0,,
2018-11-09 19:00:00,3750.0,,
2018-11-09 20:00:00,3941.0,,
2018-11-09 21:00:00,3808.0,,
2018-11-09 22:00:00,3522.0,,
2018-11-09 23:00:00,3792.0,,
2018-11-10 00:00:00,3788.0,,
2018-11-10 01:00:00,3260.0,,
2018-11-10 02:00:00,1845.0,,
2018-11-10 03:00:00,3010.0,,
2018-11-10 04:00:00,3752.0,,
2018-11-10 05:00:00,1418.0,,
2018-11-10 06:00:00,1029.0,,
2018-11-10 07:00:00,526.0,,
2018-11-10 08:00:00,217.0,,
2018-11-10 09:00:00,159.0,,
2018-11-10 10:00:00,202.0,,
2018-11-10 11:00:00,182.0,,
2018-11-10 12:00:00,355.0,,
2018-11-10 13:00:00,1662.0,,
2018-11-10 14:00:00,3080.0,,
2018-11-10 15:00:00,3862.0,,
2018-11-10 16:00:00,4174.0,,
2018-11-10 17:00:00,3980.0,,
2018-11-10 18:00:00,3809.0,,
2018-11-10 19:00:00,3522.0,,
2018-11-10 20:00:00,3836.0,,
2018-11-10 21:00:00,3871.0,,
2018-11-10 22:00:00,3672.0,,
2018-11-10 23:00:00,3646.0,,
2018-11-11 00:00:00,3443.0,,
2018-11-11 01:00:00,3113.0,,
2018-11-11 02:00:00,3109.0,,
2018-11-11 03:00:00,3095.0,,
2018-11-11 04:00:00,1450.0,,
2018-11-11 05:00:00,838.0,,
2018-11-11 06:00:00,981.0,,
2018-11-11 07:00:00,687.0,,
2018-11-11 08:00:00,152.0,,
2018-11-11 09:00:00,201.0,,
2018-11-11 10:00:00,267.0,,
2018-11-11 11:00:00,188.0,,
2018-11-11 12:00:00,296.0,,
2018-11-11 13:00:00,1093.0,,
2018-11-11 14:00:00,1922.0,,
2018-11-11 15:00:00,2500.0,,
2018-11-11 16:00:00,3180.0,,
2018-11-11 17:00:00,3290.0,,
2018-11-11 18:00:00,3422.0,,
2018-11-11 19:00:00,3355.0,,
2018-11-11 20:00:00,3420.0,,
2018-11-11 21:00:00,3430.0,,
2018-11-11 22:00:00,3396.0,,
2018-11-11 23:00:00,2862.0,,
2018-11-12 00:00:00,2486.0,,
2018-11-12 01:00:00,1774.0,,
2018-11-12 02:00:00,1387.0,,
2018-11-12 03:00:00,974.0,,
2018-11-12 04:00:00,658.0,,
2018-11-12 05:00:00,954.0,,
2018-11-12 06:00:00,793.0,,
2018-11-12 07:00:00,344.0,,
2018-11-12 08:00:00,159.0,,
2018-11-12 09:00:00,260.0,,
2018-11-12 10:00:00,419.0,,
2018-11-12 11:00:00,238.0,,
2018-11-12 12:00:00,289.0,,
2018-11-12 13:00:00,1262.0,,
2018-11-12 14:00:00,2425.0,,
2018-11-12 15:00:00,3424.0,,
2018-11-12 16:00:00,2820.0,,
2018-11-12 17:00:00,4275.0,,
2018-11-12 18:00:00,4488.0,,
2018-11-12 19:00:00,4490.0,,
2018-11-12 20:00:00,4519.0,,
2018-11-12 21:00:00,4875.0,,
2018-11-12 22:00:00,4803.0,,
2018-11-12 23:00:00,4178.0,,
2018-11-13 00:00:00,3502.0,,
2018-11-13 01:00:00,2827.0,,
2018-11-13 02:00:00,2163.0,,
2018-11-13 03:00:00,1399.0,,
2018-11-13 04:00:00,890.0,,
2018-11-13 05:00:00,698.0,,
2018-11-13 06:00:00,865.0,,
2018-11-13 07:00:00,751.0,,
2018-11-13 08:00:00,261.0,,
2018-11-13 09:00:00,504.0,,
2018-11-13 10:00:00,591.0,,
2018-11-13 11:00:00,307.0,,
2018-11-13 12:00:00,407.0,,
2018-11-13 13:00:00,1285.0,,
2018-11-13 14:00:00,2666.0,,
2018-11-13 15:00:00,3818.0,,
2018-11-13 16:00:00,4284.0,,
2018-11-13 17:00:00,4668.0,,
2018-11-13 18:00:00,4311.0,,
2018-11-13 19:00:00,4852.0,,
2018-11-13 20:00:00,4616.0,,
2018-11-13 21:00:00,5168.0,,
2018-11-13 22:00:00,4919.0,,
2018-11-13 23:00:00,4782.0,,
2018-11-14 00:00:00,4563.0,,
2018-11-14 01:00:00,3589.0,,
2018-11-14 02:00:00,2741.0,,
2018-11-14 03:00:00,2011.0,,
2018-11-14 04:00:00,1318.0,,
2018-11-14 05:00:00,1037.0,,
2018-11-14 06:00:00,980.0,,
2018-11-14 07:00:00,500.0,,
2018-11-14 08:00:00,391.0,,
2018-11-14 09:00:00,344.0,,
2018-11-14 10:00:00,458.0,,
2018-11-14 11:00:00,468.0,,
2018-11-14 12:00:00,390.0,,
2018-11-14 13:00:00,1220.0,,
2018-11-14 14:00:00,2549.0,,
2018-11-14 15:00:00,3966.0,,
2018-11-14 16:00:00,5006.0,,
2018-11-14 17:00:00,5115.0,,
2018-11-14 18:00:00,4823.0,,
2018-11-14 19:00:00,4974.0,,
2018-11-14 20:00:00,3897.0,,
2018-11-14 21:00:00,3394.0,,
2018-11-14 22:00:00,4978.0,,
2018-11-14 23:00:00,5377.0,,
2018-11-15 00:00:00,5223.0,,
2018-11-15 01:00:00,3931.0,,
2018-11-15 02:00:00,2593.0,,
2018-11-15 03:00:00,1864.0,,
2018-11-15 04:00:00,1233.0,,
2018-11-15 05:00:00,1024.0,,
2018-11-15 06:00:00,844.0,,
2018-11-15 07:00:00,588.0,,
2018-11-15 08:00:00,270.0,,
2018-11-15 09:00:00,297.0,,
2018-11-15 10:00:00,478.0,,
2018-11-15 11:00:00,392.0,,
2018-11-15 12:00:00,342.0,,
2018-11-15 13:00:00,1342.0,,
2018-11-15 14:00:00,2692.0,,
2018-11-15 15:00:00,3746.0,,
2018-11-15 16:00:00,4353.0,,
2018-11-15 17:00:00,4552.0,,
2018-11-15 18:00:00,3971.0,,
2018-11-15 19:00:00,4507.0,,
2018-11-15 20:00:00,4429.0,,
2018-11-15 21:00:00,5005.0,,
2018-11-15 22:00:00,4595.0,,
2018-11-15 23:00:00,4285.0,,
2018-11-16 00:00:00,3613.0,,
2018-11-16 01:00:00,2972.0,,
2018-11-16 02:00:00,2207.0,,
2018-11-16 03:00:00,1647.0,,
2018-11-16 04:00:00,1135.0,,
2018-11-16 05:00:00,1115.0,,
2018-11-16 06:00:00,919.0,,
2018-11-16 07:00:00,300.0,,
2018-11-16 08:00:00,209.0,,
2018-11-16 09:00:00,203.0,,
2018-11-16 10:00:00,302.0,,
2018-11-16 11:00:00,347.0,,
2018-11-16 12:00:00,335.0,,
2018-11-16 13:00:00,1349.0,,
2018-11-16 14:00:00,2660.0,,
2018-11-16 15:00:00,3538.0,,
2018-11-16 16:00:00,4636.0,,
2018-11-16 17:00:00,4560.0,,
2018-11-16 18:00:00,4194.0,,
2018-11-16 19:00:00,4607.0,,
2018-11-16 20:00:00,4862.0,,
2018-11-16 21:00:00,5034.0,,
2018-11-16 22:00:00,4595.0,,
2018-11-16 23:00:00,4698.0,,
2018-11-17 00:00:00,3966.0,,
2018-11-17 01:00:00,2913.0,,
2018-11-17 02:00:00,2233.0,,
2018-11-17 03:00:00,1768.0,,
2018-11-17 04:00:00,1304.0,,
2018-11-17 05:00:00,1161.0,,
2018-11-17 06:00:00,981.0,,
2018-11-17 07:00:00,617.0,,
2018-11-17 08:00:00,211.0,,
2018-11-17 09:00:00,194.0,,
2018-11-17 10:00:00,289.0,,
2018-11-17 11:00:00,256.0,,
2018-11-17 12:00:00,375.0,,
2018-11-17 13:00:00,1423.0,,
2018-11-17 14:00:00,2875.0,,
2018-11-17 15:00:00,3780.0,,
2018-11-17 16:00:00,4750.0,,
2018-11-17 17:00:00,4753.0,,
2018-11-17 18:00:00,3818.0,,
2018-11-17 19:00:00,5046.0,,
2018-11-17 20:00:00,3860.0,,
2018-11-17 21:00:00,3916.0,,
2018-11-17 22:00:00,4066.0,,
2018-11-17 23:00:00,3347.0,,
2018-11-18 00:00:00,3322.0,,
2018-11-18 01:00:00,3113.0,,
2018-11-18 02:00:00,3384.0,,
2018-11-18 03:00:00,7164.0,,
2018-11-18 04:00:00,9133.0,,
2018-11-18 05:00:00,8867.0,,
2018-11-18 06:00:00,9426.0,,
2018-11-18 07:00:00,7672.0,,
2018-11-18 08:00:00,154.0,,
2018-11-18 09:00:00,171.0,,
2018-11-18 10:00:00,687.0,,
2018-11-18 11:00:00,386.0,,
2018-11-18 12:00:00,312.0,,
2018-11-18 13:00:00,1000.0,,
2018-11-18 14:00:00,1862.0,,
2018-11-18 15:00:00,2373.0,,
2018-11-18 16:00:00,2924.0,,
2018-11-18 17:00:00,2936.0,,
2018-11-18 18:00:00,2985.0,,
2018-11-18 19:00:00,3057.0,,
2018-11-18 20:00:00,3270.0,,
2018-11-18 21:00:00,3343.0,,
2018-11-18 22:00:00,7653.0,,
2018-11-18 23:00:00,8275.0,,
2018-11-19 00:00:00,5898.0,,
2018-11-19 01:00:00,1993.0,,
2018-11-19 02:00:00,1283.0,,
2018-11-19 03:00:00,1040.0,,
2018-11-19 04:00:00,682.0,,
2018-11-19 05:00:00,545.0,,
2018-11-19 06:00:00,682.0,,
2018-11-19 07:00:00,728.0,,
2018-11-19 08:00:00,121.0,,
2018-11-19 09:00:00,356.0,,
2018-11-19 10:00:00,506.0,,
2018-11-19 11:00:00,288.0,,
2018-11-19 12:00:00,261.0,,
2018-11-19 13:00:00,1146.0,,
2018-11-19 14:00:00,2248.0,,
2018-11-19 15:00:00,2724.0,,
2018-11-19 16:00:00,3075.0,,
2018-11-19 17:00:00,5336.0,,
2018-11-19 18:00:00,5824.0,,
2018-11-19 19:00:00,5958.0,,
2018-11-19 20:00:00,6465.0,,
2018-11-19 21:00:00,6950.0,,
2018-11-19 22:00:00,6330.0,,
2018-11-19 23:00:00,6327.0,,
2018-11-20 00:00:00,6070.0,,
2018-11-20 01:00:00,5856.0,,
2018-11-20 02:00:00,4971.0,,
2018-11-20 03:00:00,4310.0,,
2018-11-20 04:00:00,4068.0,,
2018-11-20 05:00:00,3831.0,,
2018-11-20 06:00:00,3693.0,,
2018-11-20 07:00:00,3690.0,,
2018-11-20 08:00:00,3510.0,,
2018-11-20 09:00:00,3021.0,,
2018-11-20 10:00:00,3339.0,,
2018-11-20 11:00:00,3536.0,,
2018-11-20 12:00:00,1828.0,,
2018-11-20 13:00:00,1336.0,,
2018-11-20 14:00:00,2401.0,,
2018-11-20 15:00:00,4207.0,,
2018-11-20 16:00:00,4648.0,,
2018-11-20 17:00:00,3708.0,,
2018-11-20 18:00:00,3028.0,,
2018-11-20 19:00:00,4996.0,,
2018-11-20 20:00:00,6996.0,,
2018-11-20 21:00:00,7413.0,,
2018-11-20 22:00:00,14913.0,,
2018-11-20 23:00:00,7191.0,,
2018-11-21 00:00:00,3607.0,,
2018-11-21 01:00:00,3022.0,,
2018-11-21 02:00:00,2323.0,,
2018-11-21 03:00:00,1781.0,,
2018-11-21 04:00:00,1199.0,,
2018-11-21 05:00:00,746.0,,
2018-11-21 06:00:00,769.0,,
2018-11-21 07:00:00,751.0,,
2018-11-21 08:00:00,530.0,,
2018-11-21 09:00:00,167.0,,
2018-11-21 10:00:00,568.0,,
2018-11-21 11:00:00,705.0,,
2018-11-21 12:00:00,400.0,,
2018-11-21 13:00:00,1673.0,,
2018-11-21 14:00:00,2798.0,,
2018-11-21 15:00:00,3977.0,,
2018-11-21 16:00:00,3499.0,,
2018-11-21 17:00:00,3569.0,,
2018-11-21 18:00:00,5536.0,,
2018-11-21 19:00:00,5993.0,,
2018-11-21 20:00:00,7668.0,,
2018-11-21 21:00:00,4688.0,,
2018-11-21 22:00:00,3778.0,,
2018-11-21 23:00:00,3306.0,,
2018-11-22 00:00:00,3703.0,,
2018-11-22 01:00:00,3692.0,,
2018-11-22 02:00:00,3917.0,,
2018-11-22 03:00:00,1781.0,,
2018-11-22 04:00:00,1166.0,,
2018-11-22 05:00:00,1269.0,,
2018-11-22 06:00:00,980.0,,
2018-11-22 07:00:00,723.0,,
2018-11-22 08:00:00,225.0,,
2018-11-22 09:00:00,259.0,,
2018-11-22 10:00:00,525.0,,
2018-11-22 11:00:00,279.0,,
2018-11-22 12:00:00,265.0,,
2018-11-22 13:00:00,664.0,,
2018-11-22 14:00:00,1039.0,,
2018-11-22 15:00:00,1263.0,,
2018-11-22 16:00:00,1421.0,,
2018-11-22 17:00:00,1365.0,,
2018-11-22 18:00:00,1250.0,,
2018-11-22 19:00:00,1128.0,,
2018-11-22 20:00:00,983.0,,
2018-11-22 21:00:00,869.0,,
2018-11-22 22:00:00,852.0,,
2018-11-22 23:00:00,749.0,,
2018-11-23 00:00:00,800.0,,
2018-11-23 01:00:00,776.0,,
2018-11-23 02:00:00,679.0,,
2018-11-23 03:00:00,545.0,,
2018-11-23 04:00:00,512.0,,
2018-11-23 05:00:00,633.0,,
2018-11-23 06:00:00,386.0,,
2018-11-23 07:00:00,528.0,,
2018-11-23 08:00:00,518.0,,
2018-11-23 09:00:00,330.0,,
2018-11-23 10:00:00,463.0,,
2018-11-23 11:00:00,318.0,,
2018-11-23 12:00:00,276.0,,
2018-11-23 13:00:00,1155.0,,
2018-11-23 14:00:00,2531.0,,
2018-11-23 15:00:00,3515.0,,
2018-11-23 16:00:00,4341.0,,
2018-11-23 17:00:00,4269.0,,
2018-11-23 18:00:00,4425.0,,
2018-11-23 19:00:00,4527.0,,
2018-11-23 20:00:00,4139.0,,
2018-11-23 21:00:00,4402.0,,
2018-11-23 22:00:00,3640.0,,
2018-11-23 23:00:00,5046.0,,
2018-11-24 00:00:00,3889.0,,
2018-11-24 01:00:00,3590.0,,
2018-11-24 02:00:00,2030.0,,
2018-11-24 03:00:00,1553.0,,
2018-11-24 04:00:00,1101.0,,
2018-11-24 05:00:00,1196.0,,
2018-11-24 06:00:00,1015.0,,
2018-11-24 07:00:00,355.0,,
2018-11-24 08:00:00,173.0,,
2018-11-24 09:00:00,210.0,,
2018-11-24 10:00:00,378.0,,
2018-11-24 11:00:00,214.0,,
2018-11-24 12:00:00,239.0,,
2018-11-24 13:00:00,1198.0,,
2018-11-24 14:00:00,2431.0,,
2018-11-24 15:00:00,3513.0,,
2018-11-24 16:00:00,4251.0,,
2018-11-24 17:00:00,4447.0,,
2018-11-24 18:00:00,3868.0,,
2018-11-24 19:00:00,3655.0,,
2018-11-24 20:00:00,3774.0,,
2018-11-24 21:00:00,6284.0,,
2018-11-24 22:00:00,9136.0,,
2018-11-24 23:00:00,9060.0,,
2018-11-25 00:00:00,8260.0,,
2018-11-25 01:00:00,2405.0,,
2018-11-25 02:00:00,1834.0,,
2018-11-25 03:00:00,1284.0,,
2018-11-25 04:00:00,1042.0,,
2018-11-25 05:00:00,1014.0,,
2018-11-25 06:00:00,967.0,,
2018-11-25 07:00:00,579.0,,
2018-11-25 08:00:00,170.0,,
2018-11-25 09:00:00,370.0,,
2018-11-25 10:00:00,451.0,,
2018-11-25 11:00:00,186.0,,
2018-11-25 12:00:00,230.0,,
2018-11-25 13:00:00,876.0,,
2018-11-25 14:00:00,1676.0,,
2018-11-25 15:00:00,2363.0,,
2018-11-25 16:00:00,2931.0,,
2018-11-25 17:00:00,3122.0,,
2018-11-25 18:00:00,3355.0,,
2018-11-25 19:00:00,3457.0,,
2018-11-25 20:00:00,3558.0,,
2018-11-25 21:00:00,3600.0,,
2018-11-25 22:00:00,3375.0,,
2018-11-25 23:00:00,3035.0,,
2018-11-26 00:00:00,2392.0,,
2018-11-26 01:00:00,1918.0,,
2018-11-26 02:00:00,1414.0,,
2018-11-26 03:00:00,1004.0,,
2018-11-26 04:00:00,690.0,,
2018-11-26 05:00:00,674.0,,
2018-11-26 06:00:00,836.0,,
2018-11-26 07:00:00,733.0,,
2018-11-26 08:00:00,87.0,,
2018-11-26 09:00:00,265.0,,
2018-11-26 10:00:00,384.0,,
2018-11-26 11:00:00,313.0,,
2018-11-26 12:00:00,266.0,,
2018-11-26 13:00:00,1059.0,,
2018-11-26 14:00:00,2255.0,,
2018-11-26 15:00:00,3068.0,,
2018-11-26 16:00:00,3925.0,,
2018-11-26 17:00:00,3889.0,,
2018-11-26 18:00:00,3911.0,,
2018-11-26 19:00:00,3904.0,,
2018-11-26 20:00:00,4333.0,,
2018-11-26 21:00:00,4606.0,,
2018-11-26 22:00:00,4435.0,,
2018-11-26 23:00:00,4200.0,,
2018-11-27 00:00:00,3673.0,,
2018-11-27 01:00:00,3055.0,,
2018-11-27 02:00:00,2463.0,,
2018-11-27 03:00:00,1825.0,,
2018-11-27 04:00:00,1226.0,,
2018-11-27 05:00:00,1151.0,,
2018-11-27 06:00:00,1022.0,,
2018-11-27 07:00:00,436.0,,
2018-11-27 08:00:00,269.0,,
2018-11-27 09:00:00,272.0,,
2018-11-27 10:00:00,568.0,,
2018-11-27 11:00:00,381.0,,
2018-11-27 12:00:00,289.0,,
2018-11-27 13:00:00,1177.0,,
2018-11-27 14:00:00,2514.0,,
2018-11-27 15:00:00,3689.0,,
2018-11-27 16:00:00,4490.0,,
2018-11-27 17:00:00,4454.0,,
2018-11-27 18:00:00,4417.0,,
2018-11-27 19:00:00,4482.0,,
2018-11-27 20:00:00,4463.0,,
2018-11-27 21:00:00,4996.0,,
2018-11-27 22:00:00,4997.0,,
2018-11-27 23:00:00,4527.0,,
2018-11-28 00:00:00,3978.0,,
2018-11-28 01:00:00,3327.0,,
2018-11-28 02:00:00,2641.0,,
2018-11-28 03:00:00,1934.0,,
2018-11-28 04:00:00,1356.0,,
2018-11-28 05:00:00,1112.0,,
2018-11-28 06:00:00,1050.0,,
2018-11-28 07:00:00,532.0,,
2018-11-28 08:00:00,211.0,,
2018-11-28 09:00:00,366.0,,
2018-11-28 10:00:00,548.0,,
2018-11-28 11:00:00,354.0,,
2018-11-28 12:00:00,324.0,,
2018-11-28 13:00:00,1114.0,,
2018-11-28 14:00:00,2439.0,,
2018-11-28 15:00:00,3826.0,,
2018-11-28 16:00:00,4766.0,,
2018-11-28 17:00:00,4845.0,,
2018-11-28 18:00:00,4905.0,,
2018-11-28 19:00:00,4869.0,,
2018-11-28 20:00:00,5099.0,,
2018-11-28 21:00:00,4978.0,,
2018-11-28 22:00:00,5290.0,,
2018-11-28 23:00:00,5337.0,,
2018-11-29 00:00:00,4791.0,,
2018-11-29 01:00:00,4182.0,,
2018-11-29 02:00:00,2750.0,,
2018-11-29 03:00:00,2232.0,,
2018-11-29 04:00:00,1410.0,,
2018-11-29 05:00:00,862.0,,
2018-11-29 06:00:00,1053.0,,
2018-11-29 07:00:00,914.0,,
2018-11-29 08:00:00,397.0,,
2018-11-29 09:00:00,376.0,,
2018-11-29 10:00:00,479.0,,
2018-11-29 11:00:00,368.0,,
2018-11-29 12:00:00,487.0,,
2018-11-29 13:00:00,1517.0,,
2018-11-29 14:00:00,2473.0,,
2018-11-29 15:00:00,3307.0,,
2018-11-29 16:00:00,4501.0,,
2018-11-29 17:00:00,5424.0,,
2018-11-29 18:00:00,5455.0,,
2018-11-29 19:00:00,5377.0,,
2018-11-29 20:00:00,4996.0,,
2018-11-29 21:00:00,6492.0,,
2018-11-29 22:00:00,6408.0,,
2018-11-29 23:00:00,4920.0,,
2018-11-30 00:00:00,4262.0,,
2018-11-30 01:00:00,3415.0,,
2018-11-30 02:00:00,2625.0,,
2018-11-30 03:00:00,1935.0,,
2018-11-30 04:00:00,1402.0,,
2018-11-30 05:00:00,1305.0,,
2018-11-30 06:00:00,942.0,,
2018-11-30 07:00:00,305.0,,
2018-11-30 08:00:00,220.0,,
2018-11-30 09:00:00,308.0,,
2018-11-30 10:00:00,457.0,,
2018-11-30 11:00:00,512.0,,
2018-11-30 12:00:00,521.0,,
2018-11-30 13:00:00,1393.0,,
2018-11-30 14:00:00,2653.0,,
2018-11-30 15:00:00,3488.0,,
2018-11-30 16:00:00,4175.0,,
2018-11-30 17:00:00,4175.0,,
2018-11-30 18:00:00,4050.0,,
2018-11-30 19:00:00,4107.0,,
2018-11-30 20:00:00,4450.0,,
2018-11-30 21:00:00,4158.0,,
2018-11-30 22:00:00,4297.0,,
2018-11-30 23:00:00,4150.0,,
2018-12-01 00:00:00,3878.0,,
2018-12-01 01:00:00,3502.0,,
2018-12-01 02:00:00,3055.0,,
2018-12-01 03:00:00,2122.0,,
2018-12-01 04:00:00,1455.0,,
2018-12-01 05:00:00,1257.0,,
2018-12-01 06:00:00,1238.0,,
2018-12-01 07:00:00,471.0,,
2018-12-01 08:00:00,242.0,,
2018-12-01 09:00:00,316.0,,
2018-12-01 10:00:00,369.0,,
2018-12-01 11:00:00,338.0,,
2018-12-01 12:00:00,345.0,,
2018-12-01 13:00:00,1518.0,,
2018-12-01 14:00:00,3028.0,,
2018-12-01 15:00:00,4181.0,,
2018-12-01 16:00:00,3874.0,,
2018-12-01 17:00:00,4824.0,,
2018-12-01 18:00:00,4579.0,,
2018-12-01 19:00:00,4578.0,,
2018-12-01 20:00:00,4697.0,,
2018-12-01 21:00:00,4696.0,,
2018-12-01 22:00:00,4457.0,,
2018-12-01 23:00:00,4154.0,,
2018-12-02 00:00:00,3691.0,,
2018-12-02 01:00:00,3208.0,,
2018-12-02 02:00:00,2798.0,,
2018-12-02 03:00:00,2521.0,,
2018-12-02 04:00:00,2179.0,,
2018-12-02 05:00:00,2140.0,,
2018-12-02 06:00:00,1017.0,,
2018-12-02 07:00:00,919.0,,
2018-12-02 08:00:00,224.0,,
2018-12-02 09:00:00,28.0,,
2018-12-02 10:00:00,141.0,,
2018-12-02 11:00:00,351.0,,
2018-12-02 12:00:00,354.0,,
2018-12-02 13:00:00,995.0,,
2018-12-02 14:00:00,1963.0,,
2018-12-02 15:00:00,2633.0,,
2018-12-02 16:00:00,3178.0,,
2018-12-02 17:00:00,3355.0,,
2018-12-02 18:00:00,3324.0,,
2018-12-02 19:00:00,4280.0,,
2018-12-02 20:00:00,3743.0,,
2018-12-02 21:00:00,3823.0,,
2018-12-02 22:00:00,3754.0,,
2018-12-02 23:00:00,3487.0,,
2018-12-03 00:00:00,2810.0,,
2018-12-03 01:00:00,2475.0,,
2018-12-03 02:00:00,1696.0,,
2018-12-03 03:00:00,1235.0,,
2018-12-03 04:00:00,864.0,,
2018-12-03 05:00:00,817.0,,
2018-12-03 06:00:00,874.0,,
2018-12-03 07:00:00,920.0,,
2018-12-03 08:00:00,123.0,,
2018-12-03 09:00:00,224.0,,
2018-12-03 10:00:00,340.0,,
2018-12-03 11:00:00,253.0,,
2018-12-03 12:00:00,326.0,,
2018-12-03 13:00:00,1238.0,,
2018-12-03 14:00:00,2557.0,,
2018-12-03 15:00:00,3482.0,,
2018-12-03 16:00:00,4006.0,,
2018-12-03 17:00:00,4100.0,,
2018-12-03 18:00:00,4016.0,,
2018-12-03 19:00:00,4247.0,,
2018-12-03 20:00:00,4044.0,,
2018-12-03 21:00:00,4302.0,,
2018-12-03 22:00:00,4478.0,,
2018-12-03 23:00:00,4326.0,,
2018-12-04 00:00:00,3892.0,,
2018-12-04 01:00:00,2942.0,,
2018-12-04 02:00:00,3660.0,,
2018-12-04 03:00:00,2584.0,,
2018-12-04 04:00:00,1221.0,,
2018-12-04 05:00:00,794.0,,
2018-12-04 06:00:00,730.0,,
2018-12-04 07:00:00,847.0,,
2018-12-04 08:00:00,570.0,,
2018-12-04 09:00:00,330.0,,
2018-12-04 10:00:00,693.0,,
2018-12-04 11:00:00,585.0,,
2018-12-04 12:00:00,338.0,,
2018-12-04 13:00:00,1424.0,,
2018-12-04 14:00:00,2899.0,,
2018-12-04 15:00:00,4008.0,,
2018-12-04 16:00:00,4493.0,,
2018-12-04 17:00:00,4274.0,,
2018-12-04 18:00:00,3987.0,,
2018-12-04 19:00:00,4111.0,,
2018-12-04 20:00:00,3082.0,,
2018-12-04 21:00:00,4501.0,,
2018-12-04 22:00:00,4843.0,,
2018-12-04 23:00:00,4103.0,,
2018-12-05 00:00:00,50.0,313.0,3763.0
2018-12-05 01:00:00,37.0,160.0,3173.0
2018-12-05 02:00:00,32.0,138.0,2668.0
2018-12-05 03:00:00,24.0,192.0,2404.0
2018-12-05 04:00:00,27.0,116.0,2658.0
2018-12-05 05:00:00,9.0,106.0,1128.0
2018-12-05 06:00:00,26.0,38.0,937.0
2018-12-05 07:00:00,51.0,13.0,449.0
2018-12-05 08:00:00,47.0,17.0,382.0
2018-12-05 09:00:00,4.0,10.0,267.0
2018-12-05 10:00:00,4.0,8.0,340.0
2018-12-05 11:00:00,6.0,16.0,285.0
2018-12-05 12:00:00,3.0,19.0,372.0
2018-12-05 13:00:00,12.0,71.0,1172.0
2018-12-05 14:00:00,27.0,143.0,2596.0
2018-12-05 15:00:00,50.0,329.0,3615.0
2018-12-05 16:00:00,54.0,351.0,3734.0
2018-12-05 17:00:00,46.0,555.0,3652.0
2018-12-05 18:00:00,49.0,342.0,3928.0
2018-12-05 19:00:00,44.0,219.0,3709.0
2018-12-05 20:00:00,78.0,395.0,4249.0
2018-12-05 21:00:00,60.0,426.0,4288.0
2018-12-05 22:00:00,60.0,413.0,3666.0
2018-12-05 23:00:00,21.0,95.0,1649.0
2018-12-06 01:00:00,42.0,130.0,2370.0
2018-12-06 02:00:00,33.0,151.0,2827.0
2018-12-06 03:00:00,40.0,126.0,2477.0
2018-12-06 04:00:00,31.0,102.0,2114.0
2018-12-06 05:00:00,31.0,143.0,2055.0
2018-12-06 06:00:00,27.0,102.0,2069.0
2018-12-06 07:00:00,84.0,49.0,924.0
2018-12-06 08:00:00,28.0,22.0,296.0
2018-12-06 09:00:00,4.0,7.0,244.0
2018-12-06 10:00:00,14.0,6.0,309.0
2018-12-06 11:00:00,5.0,11.0,313.0
2018-12-06 12:00:00,8.0,21.0,283.0
2018-12-06 13:00:00,20.0,77.0,1212.0
2018-12-06 14:00:00,44.0,178.0,2521.0
2018-12-06 15:00:00,60.0,347.0,3280.0
2018-12-06 16:00:00,64.0,258.0,3788.0
2018-12-06 17:00:00,65.0,257.0,3843.0
2018-12-06 18:00:00,41.0,255.0,3930.0
2018-12-06 19:00:00,60.0,404.0,3968.0
2018-12-06 20:00:00,59.0,318.0,3904.0
2018-12-06 21:00:00,75.0,244.0,4044.0
2018-12-06 22:00:00,53.0,321.0,3890.0
2018-12-06 23:00:00,51.0,218.0,3654.0
2018-12-07 00:00:00,53.0,171.0,3282.0
2018-12-07 01:00:00,43.0,169.0,2911.0
2018-12-07 02:00:00,29.0,133.0,2721.0
2018-12-07 03:00:00,13.0,126.0,2369.0
2018-12-07 04:00:00,21.0,104.0,1822.0
2018-12-07 05:00:00,10.0,71.0,883.0
2018-12-07 06:00:00,12.0,33.0,786.0
2018-12-07 07:00:00,15.0,16.0,359.0
2018-12-07 08:00:00,13.0,18.0,207.0
2018-12-07 09:00:00,9.0,8.0,293.0
2018-12-07 10:00:00,11.0,12.0,425.0
2018-12-07 11:00:00,2.0,7.0,292.0
2018-12-07 12:00:00,8.0,8.0,289.0
2018-12-07 13:00:00,28.0,67.0,1288.0
2018-12-07 14:00:00,43.0,171.0,2585.0
2018-12-07 15:00:00,52.0,324.0,3375.0
2018-12-07 16:00:00,73.0,351.0,3601.0
2018-12-07 17:00:00,51.0,280.0,3824.0
2018-12-07 18:00:00,70.0,398.0,3836.0
2018-12-07 19:00:00,55.0,290.0,4005.0
2018-12-07 20:00:00,65.0,221.0,3640.0
2018-12-07 21:00:00,63.0,313.0,4195.0
2018-12-07 22:00:00,55.0,190.0,3808.0
2018-12-07 23:00:00,74.0,296.0,3868.0
2018-12-08 00:00:00,54.0,192.0,3540.0
2018-12-08 01:00:00,50.0,142.0,3022.0
2018-12-08 02:00:00,45.0,123.0,2682.0
2018-12-08 03:00:00,42.0,115.0,2490.0
2018-12-08 04:00:00,38.0,119.0,2067.0
2018-12-08 05:00:00,10.0,56.0,975.0
2018-12-08 06:00:00,15.0,33.0,964.0
2018-12-08 07:00:00,13.0,20.0,477.0
2018-12-08 08:00:00,7.0,5.0,222.0
2018-12-08 09:00:00,2.0,19.0,265.0
2018-12-08 10:00:00,,10.0,389.0
2018-12-08 11:00:00,2.0,21.0,257.0
2018-12-08 12:00:00,7.0,18.0,308.0
2018-12-08 13:00:00,15.0,112.0,1323.0
2018-12-08 14:00:00,47.0,173.0,2726.0
2018-12-08 15:00:00,60.0,354.0,3549.0
2018-12-08 16:00:00,58.0,333.0,3876.0
2018-12-08 17:00:00,57.0,329.0,4088.0
2018-12-08 18:00:00,56.0,281.0,3822.0
2018-12-08 19:00:00,68.0,209.0,3938.0
2018-12-08 20:00:00,74.0,308.0,4617.0
2018-12-08 21:00:00,64.0,310.0,4107.0
2018-12-08 22:00:00,65.0,212.0,3984.0
2018-12-08 23:00:00,66.0,221.0,3494.0
2018-12-09 00:00:00,62.0,219.0,3648.0
2018-12-09 01:00:00,47.0,154.0,2636.0
2018-12-09 02:00:00,39.0,118.0,2563.0
2018-12-09 03:00:00,37.0,143.0,2446.0
2018-12-09 04:00:00,13.0,87.0,1037.0
2018-12-09 05:00:00,12.0,62.0,845.0
2018-12-09 06:00:00,14.0,36.0,871.0
2018-12-09 07:00:00,2.0,8.0,414.0
2018-12-09 08:00:00,2.0,7.0,132.0
2018-12-09 09:00:00,,,34.0
2018-12-09 10:00:00,1.0,10.0,190.0
2018-12-09 11:00:00,3.0,7.0,399.0
2018-12-09 12:00:00,4.0,15.0,242.0
2018-12-09 13:00:00,17.0,29.0,765.0
2018-12-09 14:00:00,29.0,91.0,1396.0
2018-12-09 15:00:00,31.0,119.0,2013.0
2018-12-09 16:00:00,33.0,182.0,2416.0
2018-12-09 17:00:00,40.0,183.0,2607.0
2018-12-09 18:00:00,37.0,240.0,2779.0
2018-12-09 19:00:00,37.0,191.0,2890.0
2018-12-09 20:00:00,51.0,268.0,2916.0
2018-12-09 21:00:00,40.0,267.0,2747.0
2018-12-09 22:00:00,65.0,213.0,2669.0
2018-12-09 23:00:00,35.0,180.0,2669.0
2018-12-10 00:00:00,31.0,116.0,2133.0
2018-12-10 01:00:00,20.0,130.0,1645.0
2018-12-10 02:00:00,19.0,105.0,1280.0
2018-12-10 03:00:00,8.0,61.0,895.0
2018-12-10 04:00:00,15.0,39.0,609.0
2018-12-10 05:00:00,7.0,52.0,841.0
2018-12-10 06:00:00,13.0,32.0,776.0
2018-12-10 07:00:00,8.0,8.0,317.0
2018-12-10 08:00:00,,14.0,197.0
2018-12-10 09:00:00,1.0,5.0,228.0
2018-12-10 10:00:00,2.0,6.0,309.0
2018-12-10 11:00:00,2.0,10.0,190.0
2018-12-10 12:00:00,13.0,6.0,201.0
2018-12-10 13:00:00,16.0,63.0,1016.0
2018-12-10 14:00:00,41.0,143.0,2281.0
2018-12-10 15:00:00,46.0,198.0,2965.0
2018-12-10 16:00:00,58.0,301.0,3514.0
2018-12-10 17:00:00,53.0,317.0,3504.0
2018-12-10 18:00:00,34.0,288.0,3392.0
2018-12-10 19:00:00,64.0,340.0,3561.0
2018-12-10 20:00:00,54.0,349.0,3658.0
2018-12-10 21:00:00,61.0,492.0,4058.0
2018-12-10 22:00:00,61.0,357.0,3892.0
2018-12-10 23:00:00,62.0,402.0,3593.0
2018-12-11 00:00:00,58.0,266.0,3080.0
2018-12-11 01:00:00,49.0,172.0,2780.0
2018-12-11 02:00:00,37.0,160.0,2063.0
2018-12-11 03:00:00,26.0,99.0,1566.0
2018-12-11 04:00:00,22.0,130.0,1194.0
2018-12-11 05:00:00,10.0,52.0,768.0
2018-12-11 06:00:00,21.0,61.0,854.0
2018-12-11 07:00:00,76.0,18.0,718.0
2018-12-11 08:00:00,45.0,15.0,338.0
2018-12-11 09:00:00,6.0,6.0,224.0
2018-12-11 10:00:00,5.0,12.0,345.0
2018-12-11 11:00:00,2.0,9.0,199.0
2018-12-11 12:00:00,9.0,20.0,287.0
2018-12-11 13:00:00,19.0,76.0,1270.0
2018-12-11 14:00:00,47.0,156.0,2644.0
2018-12-11 15:00:00,57.0,273.0,3519.0
2018-12-11 16:00:00,82.0,600.0,4039.0
2018-12-11 17:00:00,72.0,513.0,4122.0
2018-12-11 18:00:00,233.0,357.0,3909.0
2018-12-11 19:00:00,79.0,376.0,3992.0
2018-12-11 20:00:00,180.0,381.0,4299.0
2018-12-11 21:00:00,87.0,363.0,4558.0
2018-12-11 22:00:00,57.0,204.0,2987.0
2018-12-11 23:00:00,60.0,243.0,3950.0
2018-12-12 00:00:00,74.0,203.0,3744.0
2018-12-12 01:00:00,96.0,287.0,5094.0
2018-12-12 02:00:00,69.0,266.0,4582.0
2018-12-12 03:00:00,21.0,97.0,1861.0
2018-12-12 04:00:00,13.0,69.0,1408.0
2018-12-12 05:00:00,12.0,76.0,1029.0
2018-12-12 06:00:00,15.0,32.0,577.0
2018-12-12 07:00:00,25.0,20.0,288.0
2018-12-12 08:00:00,30.0,17.0,260.0
2018-12-12 09:00:00,16.0,8.0,339.0
2018-12-12 10:00:00,2.0,4.0,611.0
2018-12-12 11:00:00,11.0,14.0,476.0
2018-12-12 12:00:00,7.0,16.0,222.0
2018-12-12 13:00:00,21.0,73.0,927.0
2018-12-12 14:00:00,39.0,106.0,2138.0
2018-12-12 15:00:00,69.0,238.0,3608.0
2018-12-12 16:00:00,109.0,529.0,4155.0
2018-12-12 17:00:00,84.0,589.0,4425.0
2018-12-12 18:00:00,68.0,436.0,3618.0
2018-12-12 19:00:00,104.0,530.0,4590.0
2018-12-12 20:00:00,71.0,571.0,4177.0
2018-12-12 21:00:00,91.0,515.0,4022.0
2018-12-12 22:00:00,83.0,495.0,5012.0
2018-12-12 23:00:00,87.0,514.0,4776.0
2018-12-13 00:00:00,88.0,265.0,3800.0
2018-12-13 01:00:00,66.0,206.0,2956.0
2018-12-13 02:00:00,41.0,152.0,2357.0
2018-12-13 03:00:00,22.0,105.0,1765.0
2018-12-13 04:00:00,25.0,70.0,1119.0
2018-12-13 05:00:00,25.0,43.0,566.0
2018-12-13 06:00:00,25.0,33.0,549.0
2018-12-13 07:00:00,19.0,28.0,767.0
2018-12-13 08:00:00,10.0,21.0,378.0
2018-12-13 09:00:00,2.0,4.0,301.0
2018-12-13 10:00:00,3.0,10.0,413.0
2018-12-13 11:00:00,3.0,13.0,269.0
2018-12-13 12:00:00,7.0,39.0,286.0
2018-12-13 13:00:00,23.0,85.0,1255.0
2018-12-13 14:00:00,46.0,179.0,2548.0
2018-12-13 15:00:00,67.0,314.0,3538.0
2018-12-13 16:00:00,93.0,496.0,3964.0
2018-12-13 17:00:00,91.0,578.0,4049.0
2018-12-13 18:00:00,46.0,431.0,3982.0
2018-12-13 19:00:00,49.0,479.0,4026.0
2018-12-13 20:00:00,35.0,682.0,4162.0
2018-12-13 21:00:00,56.0,579.0,4482.0
2018-12-13 22:00:00,46.0,578.0,4232.0
2018-12-13 23:00:00,46.0,284.0,2810.0
2018-12-14 00:00:00,38.0,188.0,3570.0
2018-12-14 01:00:00,28.0,222.0,3139.0
2018-12-14 02:00:00,22.0,152.0,2049.0
2018-12-14 03:00:00,17.0,115.0,1631.0
2018-12-14 04:00:00,7.0,73.0,998.0
2018-12-14 05:00:00,4.0,16.0,234.0
2018-12-14 06:00:00,2.0,22.0,351.0
2018-12-14 07:00:00,9.0,33.0,480.0
2018-12-14 08:00:00,2.0,22.0,175.0
2018-12-14 09:00:00,1.0,9.0,378.0
2018-12-14 10:00:00,2.0,6.0,303.0
2018-12-14 11:00:00,2.0,10.0,236.0
2018-12-14 12:00:00,4.0,13.0,326.0
2018-12-14 13:00:00,13.0,60.0,1215.0
2018-12-14 14:00:00,23.0,158.0,2499.0
2018-12-14 15:00:00,43.0,241.0,3429.0
2018-12-14 16:00:00,43.0,526.0,3909.0
2018-12-14 17:00:00,40.0,544.0,3914.0
2018-12-14 18:00:00,42.0,369.0,3802.0
2018-12-14 19:00:00,45.0,317.0,4189.0
2018-12-14 20:00:00,39.0,545.0,4177.0
2018-12-14 21:00:00,52.0,677.0,4303.0
2018-12-14 22:00:00,53.0,546.0,4271.0
2018-12-14 23:00:00,47.0,474.0,4080.0
2018-12-15 00:00:00,45.0,365.0,3632.0
2018-12-15 01:00:00,18.0,155.0,2646.0
2018-12-15 02:00:00,18.0,208.0,2078.0
2018-12-15 03:00:00,24.0,131.0,1738.0
2018-12-15 04:00:00,13.0,128.0,1383.0
2018-12-15 05:00:00,13.0,56.0,857.0
2018-12-15 06:00:00,12.0,36.0,1104.0
2018-12-15 07:00:00,4.0,29.0,749.0
2018-12-15 08:00:00,2.0,8.0,135.0
2018-12-15 09:00:00,1.0,11.0,230.0
2018-12-15 10:00:00,1.0,9.0,352.0
2018-12-15 11:00:00,5.0,10.0,202.0
2018-12-15 12:00:00,4.0,23.0,322.0
2018-12-15 13:00:00,7.0,81.0,1394.0
2018-12-15 14:00:00,33.0,148.0,2725.0
2018-12-15 15:00:00,38.0,262.0,3550.0
2018-12-15 16:00:00,37.0,383.0,4241.0
2018-12-15 17:00:00,32.0,397.0,4232.0
2018-12-15 18:00:00,52.0,441.0,4183.0
2018-12-15 19:00:00,39.0,397.0,4243.0
2018-12-15 20:00:00,39.0,346.0,4558.0
2018-12-15 21:00:00,40.0,415.0,4648.0
2018-12-15 22:00:00,55.0,399.0,4294.0
2018-12-15 23:00:00,49.0,232.0,4036.0
2018-12-16 00:00:00,46.0,251.0,3391.0
2018-12-16 01:00:00,37.0,137.0,2400.0
2018-12-16 02:00:00,18.0,139.0,1865.0
2018-12-16 03:00:00,13.0,102.0,1529.0
2018-12-16 04:00:00,12.0,80.0,1085.0
2018-12-16 05:00:00,9.0,70.0,771.0
2018-12-16 06:00:00,2.0,46.0,459.0
2018-12-16 07:00:00,1.0,16.0,241.0
2018-12-16 08:00:00,,17.0,147.0
2018-12-16 09:00:00,,3.0,194.0
2018-12-16 10:00:00,2.0,7.0,323.0
2018-12-16 11:00:00,3.0,9.0,180.0
2018-12-16 12:00:00,2.0,8.0,173.0
2018-12-16 13:00:00,15.0,35.0,808.0
2018-12-16 14:00:00,20.0,84.0,1714.0
2018-12-16 15:00:00,24.0,175.0,2806.0
2018-12-16 16:00:00,33.0,235.0,3237.0
2018-12-16 17:00:00,25.0,223.0,3144.0
2018-12-16 18:00:00,37.0,220.0,3159.0
2018-12-16 19:00:00,36.0,286.0,3771.0
2018-12-16 20:00:00,16.0,333.0,3249.0
2018-12-16 21:00:00,29.0,259.0,3388.0
2018-12-16 22:00:00,32.0,244.0,3017.0
2018-12-16 23:00:00,33.0,215.0,2741.0
2018-12-17 00:00:00,13.0,126.0,2125.0
2018-12-17 01:00:00,22.0,126.0,1702.0
2018-12-17 02:00:00,8.0,90.0,1250.0
2018-12-17 03:00:00,7.0,53.0,941.0
2018-12-17 04:00:00,2.0,49.0,577.0
2018-12-17 05:00:00,8.0,32.0,675.0
2018-12-17 06:00:00,5.0,28.0,698.0
2018-12-17 07:00:00,9.0,41.0,534.0
2018-12-17 08:00:00,3.0,7.0,111.0
2018-12-17 09:00:00,3.0,10.0,190.0
2018-12-17 10:00:00,,8.0,341.0
2018-12-17 11:00:00,7.0,6.0,230.0
2018-12-17 12:00:00,,22.0,287.0
2018-12-17 13:00:00,7.0,58.0,966.0
2018-12-17 14:00:00,16.0,132.0,2261.0
2018-12-17 15:00:00,23.0,242.0,3054.0
2018-12-17 16:00:00,28.0,370.0,3470.0
2018-12-17 17:00:00,44.0,379.0,3646.0
2018-12-17 18:00:00,34.0,301.0,3557.0
2018-12-17 19:00:00,30.0,351.0,3495.0
2018-12-17 20:00:00,31.0,456.0,3718.0
2018-12-17 21:00:00,49.0,717.0,3796.0
2018-12-17 22:00:00,49.0,471.0,3596.0
2018-12-17 23:00:00,57.0,318.0,4127.0
2018-12-18 00:00:00,69.0,405.0,5024.0
2018-12-18 01:00:00,31.0,190.0,2859.0
2018-12-18 02:00:00,27.0,146.0,2164.0
2018-12-18 03:00:00,21.0,98.0,1536.0
2018-12-18 04:00:00,5.0,72.0,1037.0
2018-12-18 05:00:00,9.0,66.0,970.0
2018-12-18 06:00:00,36.0,26.0,921.0
2018-12-18 07:00:00,29.0,14.0,527.0
2018-12-18 08:00:00,6.0,23.0,374.0
2018-12-18 09:00:00,2.0,13.0,273.0
2018-12-18 10:00:00,2.0,32.0,357.0
2018-12-18 11:00:00,2.0,17.0,247.0
2018-12-18 12:00:00,5.0,18.0,291.0
2018-12-18 13:00:00,27.0,72.0,1221.0
2018-12-18 14:00:00,30.0,156.0,2732.0
2018-12-18 15:00:00,37.0,297.0,3622.0
2018-12-18 16:00:00,42.0,432.0,4100.0
2018-12-18 17:00:00,39.0,641.0,3934.0
2018-12-18 18:00:00,38.0,726.0,3463.0
2018-12-18 19:00:00,44.0,518.0,3713.0
2018-12-18 20:00:00,54.0,586.0,4182.0
2018-12-18 21:00:00,44.0,447.0,4253.0
2018-12-18 22:00:00,43.0,609.0,4076.0
2018-12-18 23:00:00,45.0,640.0,3959.0
2018-12-19 00:00:00,38.0,297.0,3512.0
2018-12-19 01:00:00,31.0,169.0,2787.0
2018-12-19 02:00:00,32.0,127.0,2271.0
2018-12-19 03:00:00,27.0,118.0,1701.0
2018-12-19 04:00:00,12.0,71.0,1297.0
2018-12-19 05:00:00,9.0,59.0,1305.0
2018-12-19 06:00:00,5.0,60.0,1131.0
2018-12-19 07:00:00,14.0,29.0,696.0
2018-12-19 08:00:00,8.0,19.0,298.0
2018-12-19 09:00:00,5.0,15.0,395.0
2018-12-19 10:00:00,3.0,11.0,414.0
2018-12-19 11:00:00,,17.0,273.0
2018-12-19 12:00:00,2.0,10.0,314.0
2018-12-19 13:00:00,15.0,90.0,1294.0
2018-12-19 14:00:00,23.0,179.0,2802.0
2018-12-19 15:00:00,36.0,364.0,3775.0
2018-12-19 16:00:00,40.0,607.0,4248.0
2018-12-19 17:00:00,40.0,393.0,4302.0
2018-12-19 18:00:00,49.0,375.0,4488.0
2018-12-19 19:00:00,47.0,518.0,4467.0
2018-12-19 20:00:00,81.0,717.0,4355.0
2018-12-19 21:00:00,55.0,687.0,4399.0
2018-12-19 22:00:00,44.0,382.0,4245.0
2018-12-19 23:00:00,17.0,113.0,1507.0
2018-12-20 00:00:00,93.0,460.0,7663.0
2018-12-20 01:00:00,29.0,197.0,2981.0
2018-12-20 02:00:00,19.0,200.0,2379.0
2018-12-20 03:00:00,16.0,125.0,1767.0
2018-12-20 04:00:00,13.0,86.0,1166.0
2018-12-20 05:00:00,6.0,44.0,740.0
2018-12-20 06:00:00,7.0,49.0,962.0
2018-12-20 07:00:00,2.0,39.0,623.0
2018-12-20 08:00:00,5.0,18.0,207.0
2018-12-20 09:00:00,,8.0,170.0
2018-12-20 10:00:00,,2.0,376.0
2018-12-20 11:00:00,1.0,7.0,261.0
2018-12-20 12:00:00,2.0,21.0,441.0
2018-12-20 13:00:00,9.0,60.0,1202.0
2018-12-20 14:00:00,27.0,165.0,2571.0
2018-12-20 15:00:00,39.0,265.0,3492.0
2018-12-20 16:00:00,62.0,462.0,4147.0
2018-12-20 17:00:00,50.0,376.0,4196.0
2018-12-20 18:00:00,43.0,384.0,3887.0
2018-12-20 19:00:00,48.0,579.0,4089.0
2018-12-20 20:00:00,51.0,703.0,4030.0
2018-12-20 21:00:00,67.0,468.0,4021.0
2018-12-20 22:00:00,61.0,376.0,4051.0
2018-12-20 23:00:00,38.0,347.0,4008.0
2018-12-21 00:00:00,41.0,379.0,3643.0
2018-12-21 01:00:00,30.0,279.0,3054.0
2018-12-21 02:00:00,31.0,143.0,1967.0
2018-12-21 03:00:00,23.0,106.0,1559.0
2018-12-21 04:00:00,10.0,78.0,1126.0
2018-12-21 05:00:00,22.0,77.0,1093.0
2018-12-21 06:00:00,2.0,4.0,180.0
2018-12-21 07:00:00,1.0,19.0,478.0
2018-12-21 08:00:00,3.0,17.0,181.0
2018-12-21 09:00:00,,5.0,255.0
2018-12-21 10:00:00,1.0,11.0,298.0
2018-12-21 11:00:00,4.0,31.0,306.0
2018-12-21 12:00:00,7.0,37.0,376.0
2018-12-21 13:00:00,8.0,71.0,1230.0
2018-12-21 14:00:00,22.0,128.0,2510.0
2018-12-21 15:00:00,42.0,233.0,3504.0
2018-12-21 16:00:00,60.0,440.0,4048.0
2018-12-21 17:00:00,47.0,498.0,3973.0
2018-12-21 18:00:00,51.0,417.0,3832.0
2018-12-21 19:00:00,50.0,480.0,3804.0
2018-12-21 20:00:00,47.0,402.0,4267.0
2018-12-21 21:00:00,58.0,418.0,4258.0
2018-12-21 22:00:00,59.0,456.0,4361.0
2018-12-21 23:00:00,43.0,271.0,3944.0
2018-12-22 00:00:00,44.0,265.0,3567.0
2018-12-22 01:00:00,40.0,203.0,2549.0
2018-12-22 02:00:00,23.0,153.0,1926.0
2018-12-22 03:00:00,21.0,125.0,1483.0
2018-12-22 04:00:00,9.0,98.0,1113.0
2018-12-22 05:00:00,8.0,48.0,1028.0
2018-12-22 06:00:00,10.0,44.0,1227.0
2018-12-22 07:00:00,4.0,16.0,567.0
2018-12-22 08:00:00,3.0,22.0,187.0
2018-12-22 09:00:00,3.0,9.0,208.0
2018-12-22 10:00:00,1.0,10.0,325.0
2018-12-22 11:00:00,2.0,22.0,264.0
2018-12-22 12:00:00,2.0,18.0,286.0
2018-12-22 13:00:00,18.0,64.0,1263.0
2018-12-22 14:00:00,32.0,150.0,2481.0
2018-12-22 15:00:00,48.0,231.0,3348.0
2018-12-22 16:00:00,32.0,417.0,4049.0
2018-12-22 17:00:00,55.0,402.0,3990.0
2018-12-22 18:00:00,39.0,579.0,3829.0
2018-12-22 19:00:00,48.0,484.0,4039.0
2018-12-22 20:00:00,48.0,523.0,3892.0
2018-12-22 21:00:00,48.0,536.0,4140.0
2018-12-22 22:00:00,53.0,566.0,3870.0
2018-12-22 23:00:00,49.0,488.0,3198.0
2018-12-23 00:00:00,43.0,166.0,2770.0
2018-12-23 01:00:00,26.0,159.0,2149.0
2018-12-23 02:00:00,28.0,128.0,1676.0
2018-12-23 03:00:00,7.0,106.0,1246.0
2018-12-23 04:00:00,18.0,55.0,894.0
2018-12-23 05:00:00,11.0,50.0,1008.0
2018-12-23 06:00:00,7.0,47.0,1024.0
2018-12-23 07:00:00,3.0,24.0,331.0
2018-12-23 08:00:00,,14.0,150.0
2018-12-23 09:00:00,,10.0,252.0
2018-12-23 10:00:00,6.0,9.0,391.0
2018-12-23 11:00:00,4.0,17.0,332.0
2018-12-23 12:00:00,2.0,16.0,198.0
2018-12-23 13:00:00,9.0,48.0,805.0
2018-12-23 14:00:00,11.0,91.0,1616.0
2018-12-23 15:00:00,16.0,145.0,2101.0
2018-12-23 16:00:00,42.0,166.0,2557.0
2018-12-23 17:00:00,41.0,197.0,2817.0
2018-12-23 18:00:00,21.0,213.0,2718.0
2018-12-23 19:00:00,32.0,246.0,2897.0
2018-12-23 20:00:00,41.0,232.0,2878.0
2018-12-23 21:00:00,29.0,257.0,2997.0
2018-12-23 22:00:00,29.0,248.0,2752.0
2018-12-23 23:00:00,33.0,239.0,2831.0
2018-12-24 00:00:00,21.0,134.0,1881.0
2018-12-24 01:00:00,11.0,120.0,1516.0
2018-12-24 02:00:00,13.0,74.0,1031.0
2018-12-24 03:00:00,8.0,69.0,821.0
2018-12-24 04:00:00,8.0,47.0,571.0
2018-12-24 05:00:00,8.0,35.0,761.0
2018-12-24 06:00:00,11.0,32.0,902.0
2018-12-24 07:00:00,8.0,7.0,457.0
2018-12-24 08:00:00,2.0,10.0,106.0
2018-12-24 09:00:00,,4.0,245.0
2018-12-24 10:00:00,,6.0,388.0
2018-12-24 11:00:00,1.0,4.0,241.0
2018-12-24 12:00:00,2.0,11.0,240.0
2018-12-24 13:00:00,10.0,34.0,992.0
2018-12-24 14:00:00,25.0,151.0,2153.0
2018-12-24 15:00:00,37.0,185.0,3055.0
2018-12-24 16:00:00,44.0,298.0,3462.0
2018-12-24 17:00:00,46.0,384.0,3518.0
2018-12-24 18:00:00,46.0,327.0,3400.0
2018-12-24 19:00:00,49.0,338.0,3519.0
2018-12-24 20:00:00,57.0,289.0,3361.0
2018-12-24 21:00:00,32.0,255.0,2865.0
2018-12-24 22:00:00,23.0,188.0,2431.0
2018-12-24 23:00:00,16.0,182.0,1950.0
2018-12-25 00:00:00,8.0,87.0,1322.0
2018-12-25 01:00:00,7.0,92.0,952.0
2018-12-25 02:00:00,6.0,48.0,814.0
2018-12-25 03:00:00,3.0,20.0,549.0
2018-12-25 04:00:00,8.0,41.0,422.0
2018-12-25 05:00:00,2.0,13.0,312.0
2018-12-25 06:00:00,1.0,25.0,261.0
2018-12-25 07:00:00,11.0,16.0,790.0
2018-12-25 08:00:00,8.0,24.0,750.0
2018-12-25 09:00:00,5.0,8.0,319.0
2018-12-25 10:00:00,1.0,5.0,386.0
2018-12-25 11:00:00,,13.0,221.0
2018-12-25 12:00:00,7.0,8.0,187.0
2018-12-25 13:00:00,5.0,11.0,276.0
2018-12-25 14:00:00,7.0,31.0,500.0
2018-12-25 15:00:00,10.0,28.0,592.0
2018-12-25 16:00:00,6.0,108.0,813.0
2018-12-25 17:00:00,12.0,49.0,934.0
2018-12-25 18:00:00,11.0,59.0,888.0
2018-12-25 19:00:00,5.0,79.0,816.0
2018-12-25 20:00:00,7.0,57.0,793.0
2018-12-25 21:00:00,8.0,71.0,837.0
2018-12-25 22:00:00,8.0,58.0,715.0
2018-12-25 23:00:00,9.0,46.0,659.0
2018-12-26 00:00:00,5.0,32.0,632.0
2018-12-26 01:00:00,7.0,43.0,596.0
2018-12-26 02:00:00,5.0,58.0,564.0
2018-12-26 03:00:00,6.0,54.0,453.0
2018-12-26 04:00:00,4.0,29.0,360.0
2018-12-26 05:00:00,4.0,21.0,564.0
2018-12-26 06:00:00,7.0,17.0,759.0
2018-12-26 07:00:00,2.0,8.0,321.0
2018-12-26 08:00:00,3.0,5.0,127.0
2018-12-26 09:00:00,4.0,14.0,401.0
2018-12-26 10:00:00,1.0,7.0,279.0
2018-12-26 11:00:00,,6.0,278.0
2018-12-26 12:00:00,3.0,25.0,321.0
2018-12-26 13:00:00,7.0,69.0,986.0
2018-12-26 14:00:00,24.0,168.0,2217.0
2018-12-26 15:00:00,38.0,249.0,3161.0
2018-12-26 16:00:00,29.0,448.0,3682.0
2018-12-26 17:00:00,38.0,440.0,3724.0
2018-12-26 18:00:00,37.0,470.0,3803.0
2018-12-26 19:00:00,46.0,483.0,3835.0
2018-12-26 20:00:00,31.0,486.0,4102.0
2018-12-26 21:00:00,32.0,601.0,4102.0
2018-12-26 22:00:00,42.0,293.0,4021.0
2018-12-26 23:00:00,40.0,402.0,3978.0
2018-12-27 00:00:00,35.0,278.0,3535.0
2018-12-27 01:00:00,21.0,146.0,2350.0
2018-12-27 02:00:00,14.0,134.0,1858.0
2018-12-27 03:00:00,12.0,119.0,1448.0
2018-12-27 04:00:00,21.0,66.0,1013.0
2018-12-27 05:00:00,3.0,50.0,875.0
2018-12-27 06:00:00,7.0,49.0,870.0
2018-12-27 07:00:00,3.0,46.0,554.0
2018-12-27 08:00:00,1.0,11.0,198.0
2018-12-27 09:00:00,,13.0,278.0
2018-12-27 10:00:00,4.0,20.0,413.0
2018-12-27 11:00:00,3.0,14.0,304.0
2018-12-27 12:00:00,6.0,31.0,304.0
2018-12-27 13:00:00,12.0,71.0,1206.0
2018-12-27 14:00:00,26.0,183.0,2572.0
2018-12-27 15:00:00,42.0,360.0,3228.0
2018-12-27 16:00:00,38.0,658.0,3757.0
2018-12-27 17:00:00,31.0,532.0,4054.0
2018-12-27 18:00:00,35.0,818.0,3871.0
2018-12-27 19:00:00,55.0,613.0,4041.0
2018-12-27 20:00:00,31.0,453.0,4365.0
2018-12-27 21:00:00,44.0,385.0,4385.0
2018-12-27 22:00:00,49.0,401.0,4473.0
2018-12-27 23:00:00,47.0,442.0,4224.0
2018-12-28 00:00:00,40.0,225.0,3419.0
2018-12-28 01:00:00,27.0,194.0,3131.0
2018-12-28 02:00:00,24.0,212.0,2430.0
2018-12-28 03:00:00,9.0,139.0,1639.0
2018-12-28 04:00:00,16.0,70.0,1031.0
2018-12-28 05:00:00,9.0,37.0,670.0
2018-12-28 06:00:00,3.0,28.0,368.0
2018-12-28 07:00:00,4.0,24.0,315.0
2018-12-28 08:00:00,1.0,12.0,292.0
2018-12-28 09:00:00,4.0,19.0,538.0
2018-12-28 10:00:00,6.0,10.0,572.0
2018-12-28 11:00:00,,16.0,346.0
2018-12-28 12:00:00,2.0,17.0,278.0
2018-12-28 13:00:00,14.0,75.0,1200.0
2018-12-28 14:00:00,34.0,211.0,2572.0
2018-12-28 15:00:00,44.0,233.0,3521.0
2018-12-28 16:00:00,52.0,651.0,3858.0
2018-12-28 17:00:00,30.0,732.0,3716.0
2018-12-28 18:00:00,38.0,488.0,3742.0
2018-12-28 19:00:00,35.0,464.0,4344.0
2018-12-28 20:00:00,44.0,539.0,4364.0
2018-12-28 21:00:00,52.0,458.0,4630.0
2018-12-28 22:00:00,60.0,377.0,4734.0
2018-12-28 23:00:00,50.0,409.0,4330.0
2018-12-29 00:00:00,47.0,218.0,3535.0
2018-12-29 01:00:00,33.0,230.0,3319.0
2018-12-29 02:00:00,31.0,163.0,2335.0
2018-12-29 03:00:00,19.0,139.0,2180.0
2018-12-29 04:00:00,11.0,103.0,1357.0
2018-12-29 05:00:00,7.0,60.0,795.0
2018-12-29 06:00:00,5.0,57.0,753.0
2018-12-29 07:00:00,8.0,34.0,919.0
2018-12-29 08:00:00,4.0,15.0,297.0
2018-12-29 09:00:00,1.0,7.0,235.0
2018-12-29 10:00:00,1.0,5.0,412.0
2018-12-29 11:00:00,1.0,7.0,237.0
2018-12-29 12:00:00,3.0,16.0,298.0
2018-12-29 13:00:00,16.0,79.0,1233.0
2018-12-29 14:00:00,30.0,154.0,2561.0
2018-12-29 15:00:00,43.0,228.0,3297.0
2018-12-29 16:00:00,37.0,399.0,3938.0
2018-12-29 17:00:00,36.0,439.0,3980.0
2018-12-29 18:00:00,42.0,269.0,3928.0
2018-12-29 19:00:00,55.0,564.0,4120.0
2018-12-29 20:00:00,40.0,280.0,4453.0
2018-12-29 21:00:00,50.0,321.0,4419.0
2018-12-29 22:00:00,38.0,283.0,4221.0
2018-12-29 23:00:00,52.0,266.0,3871.0
2018-12-30 00:00:00,31.0,218.0,3442.0
2018-12-30 01:00:00,27.0,209.0,2944.0
2018-12-30 02:00:00,22.0,164.0,1833.0
2018-12-30 03:00:00,11.0,123.0,1419.0
2018-12-30 04:00:00,8.0,71.0,974.0
2018-12-30 05:00:00,17.0,71.0,1039.0
2018-12-30 06:00:00,9.0,60.0,1098.0
2018-12-30 07:00:00,5.0,31.0,440.0
2018-12-30 08:00:00,2.0,8.0,138.0
2018-12-30 09:00:00,2.0,8.0,319.0
2018-12-30 10:00:00,3.0,6.0,230.0
2018-12-30 11:00:00,2.0,13.0,244.0
2018-12-30 12:00:00,4.0,9.0,196.0
2018-12-30 13:00:00,10.0,39.0,837.0
2018-12-30 14:00:00,17.0,86.0,1601.0
2018-12-30 15:00:00,22.0,129.0,2256.0
2018-12-30 16:00:00,23.0,193.0,2771.0
2018-12-30 17:00:00,31.0,206.0,3017.0
2018-12-30 18:00:00,26.0,203.0,3004.0
2018-12-30 19:00:00,50.0,255.0,3275.0
2018-12-30 20:00:00,41.0,345.0,3280.0
2018-12-30 21:00:00,40.0,310.0,3439.0
2018-12-30 22:00:00,34.0,264.0,3156.0
2018-12-30 23:00:00,31.0,232.0,2619.0
2018-12-31 00:00:00,36.0,188.0,2287.0
2018-12-31 01:00:00,21.0,137.0,1795.0
2018-12-31 02:00:00,15.0,120.0,1263.0
2018-12-31 03:00:00,6.0,73.0,934.0
2018-12-31 04:00:00,3.0,43.0,637.0
2018-12-31 05:00:00,10.0,48.0,555.0
2018-12-31 06:00:00,8.0,21.0,830.0
2018-12-31 07:00:00,13.0,27.0,752.0
2018-12-31 08:00:00,1.0,4.0,130.0
2018-12-31 09:00:00,,11.0,255.0
2018-12-31 10:00:00,1.0,2.0,265.0
2018-12-31 11:00:00,2.0,10.0,169.0
2018-12-31 12:00:00,2.0,27.0,259.0
2018-12-31 13:00:00,16.0,67.0,1181.0
2018-12-31 14:00:00,27.0,167.0,2285.0
2018-12-31 15:00:00,32.0,215.0,3275.0
2018-12-31 16:00:00,44.0,537.0,3621.0
2018-12-31 17:00:00,39.0,413.0,3728.0
2018-12-31 18:00:00,42.0,461.0,3827.0
2018-12-31 19:00:00,52.0,593.0,3984.0
2018-12-31 20:00:00,40.0,454.0,3867.0
2018-12-31 21:00:00,45.0,423.0,4006.0
2018-12-31 22:00:00,40.0,356.0,3858.0
2018-12-31 23:00:00,26.0,282.0,2969.0
2019-01-01 00:00:00,30.0,163.0,2288.0
2019-01-01 01:00:00,15.0,107.0,1555.0
2019-01-01 02:00:00,9.0,83.0,1034.0
2019-01-01 03:00:00,3.0,64.0,762.0
2019-01-01 04:00:00,5.0,51.0,567.0
2019-01-01 05:00:00,8.0,31.0,766.0
2019-01-01 06:00:00,5.0,28.0,855.0
2019-01-01 07:00:00,5.0,23.0,800.0
2019-01-01 08:00:00,3.0,12.0,257.0
2019-01-01 09:00:00,4.0,11.0,312.0
2019-01-01 10:00:00,4.0,12.0,276.0
2019-01-01 11:00:00,,8.0,179.0
2019-01-01 12:00:00,1.0,14.0,154.0
2019-01-01 13:00:00,3.0,35.0,471.0
2019-01-01 14:00:00,8.0,92.0,952.0
2019-01-01 15:00:00,10.0,101.0,1446.0
2019-01-01 16:00:00,25.0,161.0,2139.0
2019-01-01 17:00:00,23.0,163.0,2234.0
2019-01-01 18:00:00,30.0,173.0,2276.0
2019-01-01 19:00:00,40.0,196.0,2323.0
2019-01-01 20:00:00,19.0,179.0,2268.0
2019-01-01 21:00:00,16.0,202.0,2348.0
2019-01-01 22:00:00,22.0,151.0,2120.0
2019-01-01 23:00:00,32.0,128.0,1918.0
2019-01-02 00:00:00,21.0,77.0,1539.0
2019-01-02 01:00:00,24.0,73.0,1222.0
2019-01-02 02:00:00,9.0,60.0,899.0
2019-01-02 03:00:00,5.0,87.0,788.0
2019-01-02 04:00:00,6.0,53.0,510.0
2019-01-02 05:00:00,8.0,42.0,808.0
2019-01-02 06:00:00,5.0,25.0,782.0
2019-01-02 07:00:00,1.0,15.0,271.0
2019-01-02 08:00:00,1.0,3.0,226.0
2019-01-02 09:00:00,3.0,17.0,239.0
2019-01-02 10:00:00,1.0,4.0,238.0
2019-01-02 11:00:00,1.0,5.0,261.0
2019-01-02 12:00:00,2.0,12.0,241.0
2019-01-02 13:00:00,11.0,81.0,1171.0
2019-01-02 14:00:00,26.0,150.0,2323.0
2019-01-02 15:00:00,38.0,256.0,3187.0
2019-01-02 16:00:00,29.0,762.0,3903.0
2019-01-02 17:00:00,40.0,542.0,3834.0
2019-01-02 18:00:00,39.0,399.0,3932.0
2019-01-02 19:00:00,45.0,345.0,4031.0
2019-01-02 20:00:00,30.0,318.0,4247.0
2019-01-02 21:00:00,48.0,372.0,4397.0
2019-01-02 22:00:00,42.0,329.0,4278.0
2019-01-02 23:00:00,10.0,66.0,946.0
2019-01-03 00:00:00,118.0,554.0,9468.0
2019-01-03 01:00:00,57.0,417.0,5475.0
2019-01-03 02:00:00,26.0,188.0,2287.0
2019-01-03 03:00:00,15.0,122.0,1661.0
2019-01-03 04:00:00,8.0,82.0,1112.0
2019-01-03 05:00:00,12.0,72.0,856.0
2019-01-03 06:00:00,7.0,32.0,969.0
2019-01-03 07:00:00,6.0,13.0,769.0
2019-01-03 08:00:00,1.0,11.0,396.0
2019-01-03 09:00:00,1.0,3.0,244.0
2019-01-03 10:00:00,8.0,9.0,301.0
2019-01-03 11:00:00,2.0,12.0,243.0
2019-01-03 12:00:00,2.0,18.0,353.0
2019-01-03 13:00:00,14.0,60.0,1267.0
2019-01-03 14:00:00,20.0,160.0,2673.0
2019-01-03 15:00:00,35.0,293.0,3671.0
2019-01-03 16:00:00,52.0,465.0,4283.0
2019-01-03 17:00:00,35.0,564.0,4144.0
2019-01-03 18:00:00,42.0,349.0,4121.0
2019-01-03 19:00:00,55.0,286.0,4444.0
2019-01-03 20:00:00,57.0,557.0,4858.0
2019-01-03 21:00:00,56.0,316.0,4592.0
2019-01-03 22:00:00,61.0,278.0,4359.0
2019-01-03 23:00:00,51.0,321.0,4527.0
2019-01-04 00:00:00,51.0,243.0,4577.0
2019-01-04 01:00:00,44.0,206.0,3557.0
2019-01-04 02:00:00,35.0,181.0,3252.0
2019-01-04 03:00:00,17.0,147.0,2565.0
2019-01-04 04:00:00,8.0,101.0,1281.0
2019-01-04 05:00:00,17.0,64.0,911.0
2019-01-04 06:00:00,13.0,30.0,960.0
2019-01-04 07:00:00,7.0,24.0,793.0
2019-01-04 08:00:00,1.0,10.0,224.0
2019-01-04 09:00:00,1.0,9.0,232.0
2019-01-04 10:00:00,5.0,19.0,282.0
2019-01-04 11:00:00,8.0,7.0,246.0
2019-01-04 12:00:00,4.0,28.0,342.0
2019-01-04 13:00:00,7.0,65.0,1254.0
2019-01-04 14:00:00,22.0,163.0,2682.0
2019-01-04 15:00:00,44.0,353.0,3630.0
2019-01-04 16:00:00,40.0,331.0,3968.0
2019-01-04 17:00:00,52.0,283.0,4396.0
2019-01-04 18:00:00,55.0,410.0,4051.0
2019-01-04 19:00:00,69.0,336.0,4243.0
2019-01-04 20:00:00,65.0,295.0,4774.0
2019-01-04 21:00:00,53.0,444.0,4757.0
2019-01-04 22:00:00,47.0,576.0,4557.0
2019-01-04 23:00:00,55.0,357.0,4683.0
2019-01-05 00:00:00,46.0,235.0,4167.0
2019-01-05 01:00:00,34.0,225.0,3648.0
2019-01-05 02:00:00,34.0,193.0,3086.0
2019-01-05 03:00:00,24.0,141.0,1981.0
2019-01-05 04:00:00,22.0,130.0,1501.0
2019-01-05 05:00:00,24.0,88.0,862.0
2019-01-05 06:00:00,3.0,17.0,222.0
2019-01-05 07:00:00,,9.0,217.0
2019-01-05 08:00:00,2.0,6.0,237.0
2019-01-05 09:00:00,1.0,5.0,125.0
2019-01-05 10:00:00,1.0,1.0,93.0
2019-01-05 11:00:00,,2.0,64.0
2019-01-05 12:00:00,3.0,4.0,80.0
2019-01-05 13:00:00,3.0,18.0,396.0
2019-01-05 14:00:00,10.0,69.0,946.0
2019-01-05 15:00:00,10.0,152.0,1059.0
2019-01-05 16:00:00,22.0,220.0,1322.0
2019-01-05 17:00:00,14.0,134.0,1423.0
2019-01-05 18:00:00,11.0,116.0,1423.0
2019-01-05 19:00:00,13.0,105.0,1447.0
2019-01-05 20:00:00,27.0,96.0,1428.0
2019-01-05 21:00:00,12.0,83.0,1465.0
2019-01-05 22:00:00,21.0,105.0,1455.0
2019-01-05 23:00:00,14.0,97.0,1484.0
2019-01-06 00:00:00,22.0,141.0,1443.0
2019-01-06 01:00:00,10.0,127.0,922.0
2019-01-06 02:00:00,9.0,75.0,667.0
2019-01-06 03:00:00,13.0,56.0,577.0
2019-01-06 04:00:00,5.0,33.0,334.0
2019-01-06 05:00:00,5.0,22.0,296.0
2019-01-06 06:00:00,3.0,21.0,330.0
2019-01-06 07:00:00,3.0,19.0,268.0
2019-01-06 08:00:00,2.0,5.0,38.0
2019-01-06 09:00:00,,5.0,70.0
2019-01-06 10:00:00,3.0,8.0,72.0
2019-01-06 11:00:00,1.0,2.0,61.0
2019-01-06 12:00:00,,3.0,66.0
2019-01-06 13:00:00,2.0,25.0,272.0
2019-01-06 14:00:00,2.0,51.0,574.0
2019-01-06 15:00:00,10.0,52.0,761.0
2019-01-06 16:00:00,17.0,91.0,968.0
2019-01-06 17:00:00,17.0,151.0,1099.0
2019-01-06 18:00:00,9.0,95.0,952.0
2019-01-06 19:00:00,14.0,134.0,1032.0
2019-01-06 20:00:00,16.0,117.0,1119.0
2019-01-06 21:00:00,10.0,228.0,1215.0
2019-01-06 22:00:00,15.0,249.0,1207.0
2019-01-06 23:00:00,7.0,116.0,865.0
2019-01-07 00:00:00,5.0,83.0,783.0
2019-01-07 01:00:00,5.0,55.0,641.0
2019-01-07 02:00:00,4.0,39.0,487.0
2019-01-07 03:00:00,3.0,45.0,376.0
2019-01-07 04:00:00,,19.0,176.0
2019-01-07 05:00:00,1.0,10.0,121.0
2019-01-07 06:00:00,2.0,7.0,77.0
2019-01-07 07:00:00,,1.0,93.0
2019-01-07 08:00:00,14.0,5.0,208.0
2019-01-07 09:00:00,2.0,8.0,156.0
2019-01-07 10:00:00,,6.0,68.0
2019-01-07 11:00:00,2.0,5.0,79.0
2019-01-07 12:00:00,1.0,11.0,81.0
2019-01-07 13:00:00,2.0,15.0,248.0
2019-01-07 14:00:00,8.0,35.0,676.0
2019-01-07 15:00:00,13.0,52.0,810.0
2019-01-07 16:00:00,11.0,184.0,1283.0
2019-01-07 17:00:00,38.0,422.0,3399.0
2019-01-07 18:00:00,49.0,315.0,3512.0
2019-01-07 19:00:00,52.0,386.0,3742.0
2019-01-07 20:00:00,41.0,390.0,4001.0
2019-01-07 21:00:00,63.0,393.0,4305.0
2019-01-07 22:00:00,61.0,427.0,3965.0
2019-01-07 23:00:00,70.0,256.0,4099.0
2019-01-08 00:00:00,16.0,187.0,1311.0
2019-01-08 01:00:00,67.0,391.0,5387.0
2019-01-08 02:00:00,24.0,143.0,2061.0
2019-01-08 03:00:00,18.0,112.0,1833.0
2019-01-08 04:00:00,8.0,81.0,1088.0
2019-01-08 05:00:00,13.0,73.0,973.0
2019-01-08 06:00:00,11.0,52.0,1029.0
2019-01-08 07:00:00,7.0,40.0,1011.0
2019-01-08 08:00:00,5.0,48.0,571.0
2019-01-08 09:00:00,1.0,18.0,317.0
2019-01-08 10:00:00,12.0,16.0,301.0
2019-01-08 11:00:00,2.0,16.0,297.0
2019-01-08 12:00:00,24.0,29.0,338.0
2019-01-08 13:00:00,8.0,77.0,1331.0
2019-01-08 14:00:00,30.0,148.0,2536.0
2019-01-08 15:00:00,31.0,259.0,3390.0
2019-01-08 16:00:00,44.0,386.0,4045.0
2019-01-08 17:00:00,46.0,357.0,4391.0
2019-01-08 18:00:00,51.0,410.0,3843.0
2019-01-08 19:00:00,44.0,365.0,3531.0
2019-01-08 20:00:00,39.0,550.0,3640.0
2019-01-08 21:00:00,41.0,304.0,3813.0
2019-01-08 22:00:00,41.0,297.0,3672.0
2019-01-08 23:00:00,45.0,252.0,3623.0
2019-01-09 00:00:00,44.0,310.0,3068.0
2019-01-09 01:00:00,34.0,175.0,3140.0
2019-01-09 02:00:00,41.0,148.0,2676.0
2019-01-09 03:00:00,23.0,131.0,2379.0
2019-01-09 04:00:00,15.0,72.0,1156.0
2019-01-09 05:00:00,1.0,13.0,137.0
2019-01-09 06:00:00,1.0,20.0,212.0
2019-01-09 07:00:00,1.0,14.0,454.0
2019-01-09 08:00:00,2.0,8.0,172.0
2019-01-09 09:00:00,4.0,6.0,137.0
2019-01-09 10:00:00,,3.0,137.0
2019-01-09 11:00:00,3.0,11.0,245.0
2019-01-09 12:00:00,6.0,7.0,421.0
2019-01-09 13:00:00,13.0,56.0,1171.0
2019-01-09 14:00:00,30.0,212.0,3042.0
2019-01-09 15:00:00,54.0,208.0,3546.0
2019-01-09 16:00:00,47.0,237.0,4032.0
2019-01-09 17:00:00,36.0,268.0,3872.0
2019-01-09 18:00:00,39.0,217.0,3827.0
2019-01-09 19:00:00,33.0,296.0,3889.0
2019-01-09 20:00:00,51.0,249.0,4183.0
2019-01-09 21:00:00,76.0,466.0,4155.0
2019-01-09 22:00:00,50.0,317.0,3993.0
2019-01-09 23:00:00,58.0,345.0,4305.0
2019-01-10 00:00:00,61.0,347.0,4496.0
2019-01-10 01:00:00,29.0,238.0,3551.0
2019-01-10 02:00:00,32.0,204.0,2885.0
2019-01-10 03:00:00,21.0,118.0,2473.0
2019-01-10 04:00:00,360.0,82.0,1258.0
2019-01-10 05:00:00,1.0,25.0,239.0
2019-01-10 06:00:00,7.0,7.0,31.0
2019-01-10 07:00:00,4.0,11.0,150.0
2019-01-10 08:00:00,2.0,16.0,344.0
2019-01-10 09:00:00,125.0,4.0,289.0
2019-01-10 10:00:00,2.0,6.0,288.0
2019-01-10 11:00:00,14.0,24.0,833.0
2019-01-10 12:00:00,8.0,37.0,799.0
2019-01-10 13:00:00,8.0,88.0,1390.0
2019-01-10 14:00:00,19.0,167.0,2457.0
2019-01-10 15:00:00,30.0,300.0,3296.0
2019-01-10 16:00:00,42.0,279.0,3500.0
2019-01-10 17:00:00,49.0,259.0,3967.0
2019-01-10 18:00:00,37.0,295.0,3601.0
2019-01-10 19:00:00,50.0,532.0,4310.0
2019-01-10 20:00:00,52.0,374.0,3961.0
2019-01-10 21:00:00,42.0,284.0,4025.0
2019-01-10 22:00:00,47.0,240.0,3793.0
2019-01-10 23:00:00,39.0,199.0,3584.0
2019-01-11 00:00:00,48.0,195.0,3494.0
2019-01-11 01:00:00,28.0,204.0,3123.0
2019-01-11 02:00:00,29.0,181.0,2645.0
2019-01-11 03:00:00,25.0,148.0,2295.0
2019-01-11 04:00:00,20.0,97.0,2106.0
2019-01-11 05:00:00,16.0,85.0,1330.0
2019-01-11 06:00:00,8.0,60.0,942.0
2019-01-11 07:00:00,1.0,24.0,272.0
2019-01-11 08:00:00,4.0,19.0,213.0
2019-01-11 09:00:00,,9.0,166.0
2019-01-11 10:00:00,,10.0,222.0
2019-01-11 11:00:00,2.0,18.0,235.0
2019-01-11 12:00:00,276.0,6.0,108.0
2019-01-11 13:00:00,634.0,41.0,716.0
2019-01-11 14:00:00,777.0,124.0,1800.0
2019-01-11 15:00:00,1006.0,282.0,2527.0
2019-01-11 16:00:00,1312.0,277.0,2595.0
2019-01-11 17:00:00,1024.0,210.0,2735.0
2019-01-11 18:00:00,3732.0,,7.0
2019-01-11 19:00:00,4053.0,,
2019-01-11 20:00:00,4261.0,,
2019-01-11 21:00:00,4278.0,,
2019-01-11 22:00:00,4075.0,,
2019-01-11 23:00:00,3804.0,,
2019-01-12 00:00:00,3396.0,,
2019-01-12 01:00:00,3156.0,,
2019-01-12 02:00:00,2824.0,,
2019-01-12 03:00:00,2501.0,,
2019-01-12 04:00:00,2215.0,,
2019-01-12 05:00:00,1842.0,,
2019-01-12 06:00:00,1173.0,,
2019-01-12 07:00:00,455.0,,
2019-01-12 08:00:00,201.0,,
2019-01-12 09:00:00,193.0,,
2019-01-12 10:00:00,203.0,,
2019-01-12 11:00:00,175.0,,
2019-01-12 12:00:00,311.0,,
2019-01-12 13:00:00,1366.0,,
2019-01-12 14:00:00,2675.0,,
2019-01-12 15:00:00,3753.0,,
2019-01-12 16:00:00,4332.0,,
2019-01-12 17:00:00,4271.0,,
2019-01-12 18:00:00,4091.0,,
2019-01-12 19:00:00,4330.0,,
2019-01-12 20:00:00,4745.0,,
2019-01-12 21:00:00,4720.0,,
2019-01-12 22:00:00,4106.0,,
2019-01-12 23:00:00,3824.0,,
2019-01-13 00:00:00,3262.0,,
2019-01-13 01:00:00,3134.0,,
2019-01-13 02:00:00,2626.0,,
2019-01-13 03:00:00,2326.0,,
2019-01-13 04:00:00,2093.0,,
2019-01-13 05:00:00,1448.0,,
2019-01-13 06:00:00,1115.0,,
2019-01-13 07:00:00,653.0,,
2019-01-13 08:00:00,198.0,,
2019-01-13 09:00:00,51.0,,
2019-01-13 10:00:00,24.0,,
2019-01-13 11:00:00,265.0,,
2019-01-13 12:00:00,411.0,,
2019-01-13 13:00:00,955.0,,
2019-01-13 14:00:00,1793.0,,
2019-01-13 15:00:00,2422.0,,
2019-01-13 16:00:00,3037.0,,
2019-01-13 17:00:00,3163.0,,
2019-01-13 18:00:00,3222.0,,
2019-01-13 19:00:00,3436.0,,
2019-01-13 20:00:00,3478.0,,
2019-01-13 21:00:00,3701.0,,
2019-01-13 22:00:00,3478.0,,
2019-01-13 23:00:00,2970.0,,
2019-01-14 00:00:00,2536.0,,
2019-01-14 01:00:00,2064.0,,
2019-01-14 02:00:00,1511.0,,
2019-01-14 03:00:00,1035.0,,
2019-01-14 04:00:00,747.0,,
2019-01-14 05:00:00,825.0,,
2019-01-14 06:00:00,929.0,,
2019-01-14 07:00:00,421.0,,
2019-01-14 08:00:00,175.0,,
2019-01-14 09:00:00,144.0,,
2019-01-14 10:00:00,171.0,,
2019-01-14 11:00:00,202.0,,
2019-01-14 12:00:00,326.0,,
2019-01-14 13:00:00,1138.0,,
2019-01-14 14:00:00,2295.0,,
2019-01-14 15:00:00,3173.0,,
2019-01-14 16:00:00,3541.0,,
2019-01-14 17:00:00,3613.0,,
2019-01-14 18:00:00,3414.0,,
2019-01-14 19:00:00,3720.0,,
2019-01-14 20:00:00,3976.0,,
2019-01-14 21:00:00,3912.0,,
2019-01-14 22:00:00,4252.0,,
2019-01-14 23:00:00,3819.0,,
2019-01-15 00:00:00,3514.0,,
2019-01-15 01:00:00,3101.0,,
2019-01-15 02:00:00,2947.0,,
2019-01-15 03:00:00,2056.0,,
2019-01-15 04:00:00,1227.0,,
2019-01-15 05:00:00,947.0,,
2019-01-15 06:00:00,917.0,,
2019-01-15 07:00:00,586.0,,
2019-01-15 08:00:00,369.0,,
2019-01-15 09:00:00,243.0,,
2019-01-15 10:00:00,417.0,,
2019-01-15 11:00:00,332.0,,
2019-01-15 12:00:00,354.0,,
2019-01-15 13:00:00,1297.0,,
2019-01-15 14:00:00,2462.0,,
2019-01-15 15:00:00,3593.0,,
2019-01-15 16:00:00,3901.0,,
2019-01-15 17:00:00,3716.0,,
2019-01-15 18:00:00,3066.0,,
2019-01-15 19:00:00,2731.0,19.0,335.0
2019-01-15 20:00:00,26.0,165.0,2871.0
2019-01-15 21:00:00,33.0,163.0,2827.0
2019-01-15 22:00:00,6.0,171.0,2881.0
2019-01-15 23:00:00,1.0,147.0,3045.0
2019-01-16 00:00:00,,165.0,3284.0
2019-01-16 01:00:00,1.0,163.0,2929.0
2019-01-16 02:00:00,1.0,152.0,2999.0
2019-01-16 03:00:00,1.0,124.0,2729.0
2019-01-16 04:00:00,4.0,94.0,2417.0
2019-01-16 05:00:00,1.0,85.0,2041.0
2019-01-16 06:00:00,2.0,76.0,1938.0
2019-01-16 07:00:00,4.0,73.0,857.0
2019-01-16 08:00:00,,38.0,578.0
2019-01-16 09:00:00,,20.0,437.0
2019-01-16 10:00:00,,9.0,298.0
2019-01-16 11:00:00,,16.0,273.0
2019-01-16 12:00:00,,10.0,261.0
2019-01-16 13:00:00,,98.0,1102.0
2019-01-16 14:00:00,1.0,140.0,2254.0
2019-01-16 15:00:00,1.0,431.0,2702.0
2019-01-16 16:00:00,1.0,233.0,2843.0
2019-01-16 17:00:00,,169.0,2905.0
2019-01-16 18:00:00,,156.0,2900.0
2019-01-16 19:00:00,,192.0,3396.0
2019-01-16 20:00:00,3.0,457.0,5129.0
2019-01-16 21:00:00,,324.0,3501.0
2019-01-16 22:00:00,1.0,257.0,4211.0
2019-01-16 23:00:00,,342.0,4755.0
2019-01-17 00:00:00,1.0,349.0,4997.0
2019-01-17 01:00:00,1.0,201.0,3844.0
2019-01-17 02:00:00,6.0,170.0,3041.0
2019-01-17 03:00:00,,146.0,2476.0
2019-01-17 04:00:00,,118.0,1574.0
2019-01-17 05:00:00,,63.0,830.0
2019-01-17 06:00:00,,39.0,998.0
2019-01-17 07:00:00,,40.0,996.0
2019-01-17 08:00:00,,14.0,246.0
2019-01-17 09:00:00,,12.0,247.0
2019-01-17 10:00:00,,14.0,303.0
2019-01-17 11:00:00,3.0,12.0,254.0
2019-01-17 12:00:00,,23.0,344.0
2019-01-17 13:00:00,2.0,78.0,1185.0
2019-01-17 14:00:00,1.0,134.0,2377.0
2019-01-17 15:00:00,1.0,299.0,3760.0
2019-01-17 16:00:00,,427.0,4115.0
2019-01-17 17:00:00,,543.0,4149.0
2019-01-17 18:00:00,1.0,270.0,3931.0
2019-01-17 19:00:00,2.0,349.0,4068.0
2019-01-17 20:00:00,,236.0,3824.0
2019-01-17 21:00:00,,212.0,3724.0
2019-01-17 22:00:00,,363.0,4051.0
2019-01-17 23:00:00,3.0,294.0,3947.0
2019-01-18 00:00:00,,190.0,3280.0
2019-01-18 01:00:00,,158.0,3167.0
2019-01-18 02:00:00,1.0,191.0,2441.0
2019-01-18 03:00:00,,110.0,1576.0
2019-01-18 04:00:00,,80.0,1095.0
2019-01-18 05:00:00,,63.0,1074.0
2019-01-18 06:00:00,2.0,55.0,1109.0
2019-01-18 07:00:00,6.0,43.0,486.0
2019-01-18 08:00:00,1.0,7.0,193.0
2019-01-18 09:00:00,,5.0,241.0
2019-01-18 10:00:00,,12.0,414.0
2019-01-18 11:00:00,,10.0,381.0
2019-01-18 12:00:00,,25.0,434.0
2019-01-18 13:00:00,,70.0,1333.0
2019-01-18 14:00:00,1.0,137.0,2470.0
2019-01-18 15:00:00,1.0,298.0,3289.0
2019-01-18 16:00:00,,337.0,3755.0
2019-01-18 17:00:00,1.0,265.0,4086.0
2019-01-18 18:00:00,6.0,250.0,3923.0
2019-01-18 19:00:00,3.0,345.0,3966.0
2019-01-18 20:00:00,1.0,278.0,4219.0
2019-01-18 21:00:00,7.0,292.0,4134.0
2019-01-18 22:00:00,,147.0,2244.0
2019-01-18 23:00:00,2.0,324.0,5432.0
2019-01-19 00:00:00,,169.0,3440.0
2019-01-19 01:00:00,,178.0,3113.0
2019-01-19 02:00:00,,144.0,2673.0
2019-01-19 03:00:00,1.0,130.0,1959.0
2019-01-19 04:00:00,,64.0,1087.0
2019-01-19 05:00:00,,73.0,1093.0
2019-01-19 06:00:00,1.0,31.0,1060.0
2019-01-19 07:00:00,,27.0,441.0
2019-01-19 08:00:00,,4.0,187.0
2019-01-19 09:00:00,,11.0,241.0
2019-01-19 10:00:00,3.0,5.0,302.0
2019-01-19 11:00:00,1.0,8.0,237.0
2019-01-19 12:00:00,,10.0,332.0
2019-01-19 13:00:00,,82.0,1449.0
2019-01-19 14:00:00,,165.0,2572.0
2019-01-19 15:00:00,,351.0,3373.0
2019-01-19 16:00:00,5.0,416.0,4063.0
2019-01-19 17:00:00,1.0,250.0,3944.0
2019-01-19 18:00:00,2.0,229.0,4029.0
2019-01-19 19:00:00,1.0,243.0,4207.0
2019-01-19 20:00:00,1.0,263.0,4148.0
2019-01-19 21:00:00,,243.0,4032.0
2019-01-19 22:00:00,,215.0,3753.0
2019-01-19 23:00:00,2.0,218.0,3633.0
2019-01-20 00:00:00,1.0,160.0,3056.0
2019-01-20 01:00:00,,194.0,2957.0
2019-01-20 02:00:00,1.0,136.0,2607.0
2019-01-20 03:00:00,,139.0,2152.0
2019-01-20 04:00:00,,79.0,989.0
2019-01-20 05:00:00,,69.0,980.0
2019-01-20 06:00:00,,49.0,1025.0
2019-01-20 07:00:00,,29.0,605.0
2019-01-20 08:00:00,,8.0,192.0
2019-01-20 09:00:00,,18.0,257.0
2019-01-20 10:00:00,,10.0,313.0
2019-01-20 11:00:00,,7.0,269.0
2019-01-20 12:00:00,,23.0,258.0
2019-01-20 13:00:00,1.0,45.0,780.0
2019-01-20 14:00:00,1.0,108.0,1513.0
2019-01-20 15:00:00,,161.0,2216.0
2019-01-20 16:00:00,,201.0,2751.0
2019-01-20 17:00:00,1.0,284.0,2845.0
2019-01-20 18:00:00,,280.0,2918.0
2019-01-20 19:00:00,,228.0,3196.0
2019-01-20 20:00:00,2.0,357.0,3213.0
2019-01-20 21:00:00,,295.0,3259.0
2019-01-20 22:00:00,,284.0,2984.0
2019-01-20 23:00:00,2.0,226.0,2592.0
2019-01-21 00:00:00,1.0,187.0,2521.0
2019-01-21 01:00:00,,161.0,1825.0
2019-01-21 02:00:00,1.0,155.0,1215.0
2019-01-21 03:00:00,2.0,121.0,918.0
2019-01-21 04:00:00,,71.0,703.0
2019-01-21 05:00:00,,48.0,743.0
2019-01-21 06:00:00,,44.0,938.0
2019-01-21 07:00:00,,14.0,525.0
2019-01-21 08:00:00,,13.0,107.0
2019-01-21 09:00:00,,16.0,255.0
2019-01-21 10:00:00,1.0,18.0,206.0
2019-01-21 11:00:00,,19.0,181.0
2019-01-21 12:00:00,,28.0,318.0
2019-01-21 13:00:00,,132.0,920.0
2019-01-21 14:00:00,,189.0,1763.0
2019-01-21 15:00:00,,227.0,2521.0
2019-01-21 16:00:00,1.0,225.0,2927.0
2019-01-21 17:00:00,,321.0,2924.0
2019-01-21 18:00:00,,332.0,3042.0
2019-01-21 19:00:00,2.0,415.0,3135.0
2019-01-21 20:00:00,3.0,461.0,3312.0
2019-01-21 21:00:00,,307.0,3373.0
2019-01-21 22:00:00,,290.0,3410.0
2019-01-21 23:00:00,,300.0,3099.0
2019-01-22 00:00:00,1.0,424.0,2952.0
2019-01-22 01:00:00,1.0,177.0,2208.0
2019-01-22 02:00:00,,147.0,1835.0
2019-01-22 03:00:00,,90.0,1257.0
2019-01-22 04:00:00,13.0,54.0,804.0
2019-01-22 05:00:00,,86.0,819.0
2019-01-22 06:00:00,,35.0,915.0
2019-01-22 07:00:00,5.0,16.0,506.0
2019-01-22 08:00:00,7.0,14.0,354.0
2019-01-22 09:00:00,4.0,22.0,359.0
2019-01-22 10:00:00,2.0,10.0,499.0
2019-01-22 11:00:00,,28.0,338.0
2019-01-22 12:00:00,,24.0,454.0
2019-01-22 13:00:00,2.0,87.0,1407.0
2019-01-22 14:00:00,1.0,209.0,2810.0
2019-01-22 15:00:00,1.0,334.0,3355.0
2019-01-22 16:00:00,1.0,229.0,3534.0
2019-01-22 17:00:00,1.0,194.0,3426.0
2019-01-22 18:00:00,2.0,234.0,3205.0
2019-01-22 19:00:00,8.0,265.0,3655.0
2019-01-22 20:00:00,4.0,274.0,3859.0
2019-01-22 21:00:00,5.0,399.0,3893.0
2019-01-22 22:00:00,3.0,303.0,4089.0
2019-01-22 23:00:00,3.0,295.0,3706.0
2019-01-23 00:00:00,1.0,160.0,3220.0
2019-01-23 01:00:00,3.0,142.0,2900.0
2019-01-23 02:00:00,1.0,123.0,2348.0
2019-01-23 03:00:00,,106.0,1857.0
2019-01-23 04:00:00,1.0,70.0,981.0
2019-01-23 05:00:00,,47.0,922.0
2019-01-23 06:00:00,1.0,55.0,1039.0
2019-01-23 07:00:00,,1.0,73.0
2019-01-23 08:00:00,15.0,9.0,129.0
2019-01-23 09:00:00,7.0,8.0,298.0
2019-01-23 10:00:00,1.0,10.0,283.0
2019-01-23 11:00:00,1.0,37.0,563.0
2019-01-23 12:00:00,1.0,31.0,397.0
2019-01-23 13:00:00,,64.0,1163.0
2019-01-23 14:00:00,,144.0,2310.0
2019-01-23 15:00:00,3.0,306.0,3062.0
2019-01-23 16:00:00,4.0,251.0,3239.0
2019-01-23 17:00:00,6.0,203.0,3598.0
2019-01-23 18:00:00,3.0,218.0,2972.0
2019-01-23 19:00:00,5.0,326.0,3857.0
2019-01-23 20:00:00,5.0,253.0,4114.0
2019-01-23 21:00:00,6.0,246.0,3716.0
2019-01-23 22:00:00,2.0,216.0,3433.0
2019-01-23 23:00:00,2.0,261.0,3663.0
2019-01-24 00:00:00,,217.0,3280.0
2019-01-24 01:00:00,2.0,151.0,2806.0
2019-01-24 02:00:00,2.0,120.0,2303.0
2019-01-24 03:00:00,2.0,113.0,2079.0
2019-01-24 04:00:00,1.0,90.0,1751.0
2019-01-24 05:00:00,,54.0,872.0
2019-01-24 06:00:00,1.0,66.0,1021.0
2019-01-24 07:00:00,1.0,58.0,618.0
2019-01-24 08:00:00,,13.0,224.0
2019-01-24 09:00:00,,46.0,142.0
2019-01-24 10:00:00,1.0,43.0,302.0
2019-01-24 11:00:00,,37.0,410.0
2019-01-24 12:00:00,,22.0,401.0
2019-01-24 13:00:00,,94.0,1234.0
2019-01-24 14:00:00,2.0,143.0,2306.0
2019-01-24 15:00:00,6.0,398.0,3010.0
2019-01-24 16:00:00,5.0,274.0,3661.0
2019-01-24 17:00:00,2.0,295.0,3856.0
2019-01-24 18:00:00,2.0,334.0,3622.0
2019-01-24 19:00:00,4.0,304.0,3803.0
2019-01-24 20:00:00,3.0,320.0,3999.0
2019-01-24 21:00:00,2.0,378.0,4259.0
2019-01-24 22:00:00,2.0,478.0,3690.0
2019-01-24 23:00:00,3.0,205.0,3237.0
2019-01-25 00:00:00,1.0,197.0,3070.0
2019-01-25 01:00:00,1.0,195.0,2987.0
2019-01-25 02:00:00,1.0,148.0,2549.0
2019-01-25 03:00:00,2.0,145.0,2237.0
2019-01-25 04:00:00,1.0,99.0,1829.0
2019-01-25 05:00:00,2.0,82.0,1137.0
2019-01-25 06:00:00,1.0,35.0,943.0
2019-01-25 07:00:00,1.0,19.0,313.0
2019-01-25 08:00:00,,12.0,237.0
2019-01-25 09:00:00,,14.0,305.0
2019-01-25 10:00:00,1.0,14.0,347.0
2019-01-25 11:00:00,,13.0,387.0
2019-01-25 12:00:00,,38.0,302.0
2019-01-25 13:00:00,,90.0,1219.0
2019-01-25 14:00:00,1.0,161.0,2307.0
2019-01-25 15:00:00,2.0,286.0,2910.0
2019-01-25 16:00:00,3.0,234.0,3493.0
2019-01-25 17:00:00,1.0,235.0,3466.0
2019-01-25 18:00:00,3.0,171.0,2528.0
2019-01-25 19:00:00,2.0,330.0,4504.0
2019-01-25 20:00:00,,253.0,3752.0
2019-01-25 21:00:00,3.0,224.0,3750.0
2019-01-25 22:00:00,5.0,250.0,3741.0
2019-01-25 23:00:00,3.0,208.0,3430.0
2019-01-26 00:00:00,2.0,203.0,3045.0
2019-01-26 01:00:00,,181.0,2779.0
2019-01-26 02:00:00,2.0,155.0,2282.0
2019-01-26 03:00:00,8.0,122.0,1975.0
2019-01-26 04:00:00,15.0,89.0,1781.0
2019-01-26 05:00:00,6.0,87.0,1758.0
2019-01-26 06:00:00,,55.0,542.0
2019-01-26 07:00:00,,25.0,439.0
2019-01-26 08:00:00,1.0,22.0,686.0
2019-01-26 09:00:00,1.0,11.0,360.0
2019-01-26 10:00:00,,10.0,508.0
2019-01-26 11:00:00,1.0,37.0,375.0
2019-01-26 12:00:00,,39.0,372.0
2019-01-26 13:00:00,,70.0,1372.0
2019-01-26 14:00:00,1.0,148.0,2431.0
2019-01-26 15:00:00,4.0,294.0,3227.0
2019-01-26 16:00:00,6.0,257.0,3628.0
2019-01-26 17:00:00,4.0,180.0,3387.0
2019-01-26 18:00:00,1.0,215.0,3703.0
2019-01-26 19:00:00,3.0,220.0,3848.0
2019-01-26 20:00:00,3.0,242.0,3720.0
2019-01-26 21:00:00,3.0,283.0,4170.0
2019-01-26 22:00:00,3.0,226.0,3856.0
2019-01-26 23:00:00,3.0,208.0,3235.0
2019-01-27 00:00:00,,152.0,2909.0
2019-01-27 01:00:00,3.0,128.0,2365.0
2019-01-27 02:00:00,4.0,105.0,2229.0
2019-01-27 03:00:00,4.0,97.0,1800.0
2019-01-27 04:00:00,3.0,80.0,1581.0
2019-01-27 05:00:00,3.0,81.0,1593.0
2019-01-27 06:00:00,,63.0,1521.0
2019-01-27 07:00:00,1.0,57.0,1391.0
2019-01-27 08:00:00,2.0,43.0,1045.0
2019-01-27 09:00:00,1.0,12.0,326.0
2019-01-27 10:00:00,,8.0,461.0
2019-01-27 11:00:00,,7.0,258.0
2019-01-27 12:00:00,1.0,28.0,257.0
2019-01-27 13:00:00,,32.0,873.0
2019-01-27 14:00:00,4.0,97.0,1690.0
2019-01-27 15:00:00,1.0,137.0,2260.0
2019-01-27 16:00:00,1.0,221.0,2649.0
2019-01-27 17:00:00,4.0,300.0,2880.0
2019-01-27 18:00:00,,331.0,2929.0
2019-01-27 19:00:00,1.0,294.0,3089.0
2019-01-27 20:00:00,2.0,232.0,3318.0
2019-01-27 21:00:00,3.0,241.0,3352.0
2019-01-27 22:00:00,4.0,224.0,3148.0
2019-01-27 23:00:00,4.0,174.0,2740.0
2019-01-28 00:00:00,3.0,206.0,2622.0
2019-01-28 01:00:00,1.0,159.0,1834.0
2019-01-28 02:00:00,,99.0,1328.0
2019-01-28 03:00:00,1.0,65.0,1009.0
2019-01-28 04:00:00,1.0,50.0,610.0
2019-01-28 05:00:00,,38.0,601.0
2019-01-28 06:00:00,1.0,29.0,809.0
2019-01-28 07:00:00,,29.0,706.0
2019-01-28 08:00:00,,8.0,115.0
2019-01-28 09:00:00,,4.0,218.0
2019-01-28 10:00:00,,12.0,352.0
2019-01-28 11:00:00,,8.0,303.0
2019-01-28 12:00:00,,16.0,328.0
2019-01-28 13:00:00,1.0,60.0,1023.0
2019-01-28 14:00:00,1.0,148.0,2024.0
2019-01-28 15:00:00,,295.0,3033.0
2019-01-28 16:00:00,1.0,318.0,3292.0
2019-01-28 17:00:00,3.0,224.0,3446.0
2019-01-28 18:00:00,1.0,269.0,3194.0
2019-01-28 19:00:00,1.0,331.0,3756.0
2019-01-28 20:00:00,1.0,373.0,3721.0
2019-01-28 21:00:00,,312.0,3853.0
2019-01-28 22:00:00,2.0,233.0,3529.0
2019-01-28 23:00:00,4.0,226.0,3603.0
2019-01-29 00:00:00,11.0,166.0,3092.0
2019-01-29 01:00:00,21.0,197.0,2820.0
2019-01-29 02:00:00,6.0,207.0,2116.0
2019-01-29 03:00:00,,152.0,1476.0
2019-01-29 04:00:00,,48.0,918.0
2019-01-29 05:00:00,,48.0,784.0
2019-01-29 06:00:00,,42.0,1083.0
2019-01-29 07:00:00,,47.0,553.0
2019-01-29 08:00:00,1.0,8.0,100.0
2019-01-29 09:00:00,,9.0,302.0
2019-01-29 10:00:00,1.0,12.0,432.0
2019-01-29 11:00:00,,8.0,190.0
2019-01-29 12:00:00,,30.0,330.0
2019-01-29 13:00:00,1.0,102.0,1223.0
2019-01-29 14:00:00,,206.0,2203.0
2019-01-29 15:00:00,2.0,317.0,3145.0
2019-01-29 16:00:00,2.0,205.0,3461.0
2019-01-29 17:00:00,5.0,225.0,3734.0
2019-01-29 18:00:00,3.0,241.0,3816.0
2019-01-29 19:00:00,1.0,319.0,4140.0
2019-01-29 20:00:00,2.0,308.0,3950.0
2019-01-29 21:00:00,4.0,391.0,4271.0
2019-01-29 22:00:00,4.0,428.0,4084.0
2019-01-29 23:00:00,5.0,255.0,4031.0
2019-01-30 00:00:00,2.0,247.0,3686.0
2019-01-30 01:00:00,2.0,221.0,3284.0
2019-01-30 02:00:00,1.0,181.0,2139.0
2019-01-30 03:00:00,1.0,172.0,1640.0
2019-01-30 04:00:00,,113.0,1010.0
2019-01-30 05:00:00,1.0,49.0,881.0
2019-01-30 06:00:00,,56.0,962.0
2019-01-30 07:00:00,1.0,30.0,551.0
2019-01-30 08:00:00,,29.0,372.0
2019-01-30 09:00:00,5.0,19.0,511.0
2019-01-30 10:00:00,2.0,22.0,501.0
2019-01-30 11:00:00,1.0,32.0,613.0
2019-01-30 12:00:00,4.0,46.0,439.0
2019-01-30 13:00:00,,106.0,1089.0
2019-01-30 14:00:00,,166.0,1991.0
2019-01-30 15:00:00,1.0,192.0,3160.0
2019-01-30 16:00:00,3.0,321.0,3742.0
2019-01-30 17:00:00,2.0,418.0,3739.0
2019-01-30 18:00:00,4.0,442.0,4036.0
2019-01-30 19:00:00,2.0,471.0,3986.0
2019-01-30 20:00:00,2.0,494.0,4281.0
2019-01-30 21:00:00,3.0,344.0,4230.0
2019-01-30 22:00:00,3.0,313.0,4228.0
2019-01-30 23:00:00,3.0,287.0,4036.0
2019-01-31 00:00:00,3.0,320.0,3930.0
2019-01-31 01:00:00,1.0,289.0,2927.0
2019-01-31 02:00:00,1.0,180.0,2236.0
2019-01-31 03:00:00,2.0,152.0,1615.0
2019-01-31 04:00:00,2.0,88.0,1044.0
2019-01-31 05:00:00,3.0,66.0,903.0
2019-01-31 06:00:00,12.0,31.0,917.0
2019-01-31 07:00:00,3.0,43.0,846.0
2019-01-31 08:00:00,3.0,21.0,429.0
2019-01-31 09:00:00,8.0,8.0,229.0
2019-01-31 10:00:00,16.0,14.0,275.0
2019-01-31 11:00:00,,34.0,217.0
2019-01-31 12:00:00,2.0,35.0,380.0
2019-01-31 13:00:00,1.0,112.0,1121.0
2019-01-31 14:00:00,5.0,168.0,2060.0
2019-01-31 15:00:00,3.0,270.0,3130.0
2019-01-31 16:00:00,3.0,440.0,3676.0
2019-01-31 17:00:00,11.0,486.0,3817.0
2019-01-31 18:00:00,3.0,475.0,3741.0
2019-01-31 19:00:00,5.0,479.0,3837.0
2019-01-31 20:00:00,4.0,437.0,4094.0
2019-01-31 21:00:00,4.0,548.0,4392.0
2019-01-31 22:00:00,125.0,373.0,3872.0
2019-01-31 23:00:00,23.0,334.0,3780.0
2019-02-01 00:00:00,4.0,271.0,3542.0
2019-02-01 01:00:00,5.0,229.0,2803.0
2019-02-01 02:00:00,,145.0,2311.0
2019-02-01 03:00:00,3.0,122.0,1677.0
2019-02-01 04:00:00,3.0,90.0,1110.0
2019-02-01 05:00:00,,46.0,919.0
2019-02-01 06:00:00,3.0,44.0,1067.0
2019-02-01 07:00:00,,20.0,700.0
2019-02-01 08:00:00,1.0,25.0,293.0
2019-02-01 09:00:00,11.0,2.0,161.0
2019-02-01 10:00:00,5.0,4.0,160.0
2019-02-01 11:00:00,2.0,2.0,329.0
2019-02-01 12:00:00,1.0,12.0,332.0
2019-02-01 13:00:00,1.0,102.0,1374.0
2019-02-01 14:00:00,3.0,196.0,2477.0
2019-02-01 15:00:00,5.0,247.0,3439.0
2019-02-01 16:00:00,5.0,629.0,3916.0
2019-02-01 17:00:00,15.0,425.0,4082.0
2019-02-01 18:00:00,2.0,387.0,3789.0
2019-02-01 19:00:00,11.0,290.0,4295.0
2019-02-01 20:00:00,15.0,308.0,3807.0
2019-02-01 21:00:00,31.0,573.0,3678.0
2019-02-01 22:00:00,8.0,467.0,3565.0
2019-02-01 23:00:00,9.0,354.0,4253.0
2019-02-02 00:00:00,8.0,280.0,3462.0
2019-02-02 01:00:00,7.0,248.0,3611.0
2019-02-02 02:00:00,4.0,191.0,2866.0
2019-02-02 03:00:00,1.0,145.0,2470.0
2019-02-02 04:00:00,6.0,118.0,2152.0
2019-02-02 05:00:00,1.0,67.0,1090.0
2019-02-02 06:00:00,2.0,52.0,1166.0
2019-02-02 07:00:00,1.0,42.0,861.0
2019-02-02 08:00:00,,11.0,242.0
2019-02-02 09:00:00,3.0,20.0,275.0
2019-02-02 10:00:00,,8.0,309.0
2019-02-02 11:00:00,,10.0,336.0
2019-02-02 12:00:00,1.0,17.0,402.0
2019-02-02 13:00:00,,78.0,1435.0
2019-02-02 14:00:00,1.0,186.0,2691.0
2019-02-02 15:00:00,4.0,254.0,3428.0
2019-02-02 16:00:00,6.0,393.0,4136.0
2019-02-02 17:00:00,3.0,352.0,4304.0
2019-02-02 18:00:00,5.0,449.0,4402.0
2019-02-02 19:00:00,4.0,316.0,4413.0
2019-02-02 20:00:00,6.0,669.0,4678.0
2019-02-02 21:00:00,6.0,382.0,4732.0
2019-02-02 22:00:00,8.0,288.0,4340.0
2019-02-02 23:00:00,6.0,279.0,4109.0
2019-02-03 00:00:00,13.0,194.0,3779.0
2019-02-03 01:00:00,14.0,192.0,3177.0
2019-02-03 02:00:00,4.0,180.0,2420.0
2019-02-03 03:00:00,2.0,113.0,1610.0
2019-02-03 04:00:00,,82.0,1136.0
2019-02-03 05:00:00,2.0,63.0,803.0
2019-02-03 06:00:00,,38.0,1016.0
2019-02-03 07:00:00,,22.0,783.0
2019-02-03 08:00:00,,26.0,584.0
2019-02-03 09:00:00,,21.0,245.0
2019-02-03 10:00:00,,9.0,326.0
2019-02-03 11:00:00,,7.0,348.0
2019-02-03 12:00:00,,13.0,354.0
2019-02-03 13:00:00,,45.0,1001.0
2019-02-03 14:00:00,1.0,97.0,1995.0
2019-02-03 15:00:00,1.0,178.0,2397.0
2019-02-03 16:00:00,5.0,235.0,2881.0
2019-02-03 17:00:00,1.0,352.0,3197.0
2019-02-03 18:00:00,9.0,296.0,3178.0
2019-02-03 19:00:00,5.0,333.0,3456.0
2019-02-03 20:00:00,7.0,415.0,3497.0
2019-02-03 21:00:00,14.0,349.0,4450.0
2019-02-03 22:00:00,6.0,306.0,3225.0
2019-02-03 23:00:00,4.0,208.0,2631.0
2019-02-04 00:00:00,4.0,110.0,1738.0
2019-02-04 01:00:00,6.0,115.0,1209.0
2019-02-04 02:00:00,,98.0,940.0
2019-02-04 03:00:00,5.0,100.0,764.0
2019-02-04 04:00:00,2.0,50.0,598.0
2019-02-04 05:00:00,3.0,35.0,734.0
2019-02-04 06:00:00,4.0,22.0,781.0
2019-02-04 07:00:00,1.0,28.0,711.0
2019-02-04 08:00:00,,5.0,312.0
2019-02-04 09:00:00,2.0,6.0,194.0
2019-02-04 10:00:00,,3.0,271.0
2019-02-04 11:00:00,1.0,10.0,292.0
2019-02-04 12:00:00,,15.0,323.0
2019-02-04 13:00:00,,39.0,465.0
2019-02-04 14:00:00,2.0,58.0,675.0
2019-02-04 15:00:00,1.0,54.0,816.0
2019-02-04 16:00:00,4.0,136.0,925.0
2019-02-04 17:00:00,1.0,140.0,1045.0
2019-02-04 18:00:00,22.0,183.0,1366.0
2019-02-04 19:00:00,2.0,177.0,1090.0
2019-02-04 20:00:00,,52.0,282.0
2019-02-04 21:00:00,8.0,366.0,2318.0
2019-02-04 22:00:00,6.0,490.0,3101.0
2019-02-04 23:00:00,8.0,677.0,3638.0
2019-02-05 00:00:00,9.0,419.0,3568.0
2019-02-05 01:00:00,8.0,318.0,3131.0
2019-02-05 02:00:00,10.0,320.0,2500.0
2019-02-05 03:00:00,7.0,174.0,1694.0
2019-02-05 04:00:00,5.0,123.0,1131.0
2019-02-05 05:00:00,4.0,80.0,1161.0
2019-02-05 06:00:00,4.0,97.0,1441.0
2019-02-05 07:00:00,4.0,184.0,1466.0
2019-02-05 08:00:00,,215.0,646.0
2019-02-05 09:00:00,,25.0,340.0
2019-02-05 10:00:00,,28.0,318.0
2019-02-05 11:00:00,1.0,40.0,361.0
2019-02-05 12:00:00,,34.0,414.0
2019-02-05 13:00:00,1.0,105.0,1414.0
2019-02-05 14:00:00,5.0,227.0,2638.0
2019-02-05 15:00:00,3.0,645.0,3530.0
2019-02-05 16:00:00,6.0,430.0,3700.0
2019-02-05 17:00:00,13.0,565.0,3805.0
2019-02-05 18:00:00,9.0,698.0,3766.0
2019-02-05 19:00:00,13.0,707.0,3946.0
2019-02-05 20:00:00,11.0,693.0,4123.0
2019-02-05 21:00:00,10.0,625.0,4179.0
2019-02-05 22:00:00,10.0,624.0,4172.0
2019-02-05 23:00:00,9.0,390.0,3412.0
2019-02-06 00:00:00,10.0,630.0,4643.0
2019-02-06 01:00:00,13.0,531.0,4235.0
2019-02-06 02:00:00,10.0,542.0,4059.0
2019-02-06 03:00:00,7.0,303.0,2482.0
2019-02-06 04:00:00,4.0,268.0,2226.0
2019-02-06 05:00:00,6.0,238.0,2347.0
2019-02-06 06:00:00,2.0,224.0,2659.0
2019-02-06 07:00:00,1.0,201.0,1759.0
2019-02-06 08:00:00,1.0,141.0,509.0
2019-02-06 09:00:00,,148.0,480.0
2019-02-06 10:00:00,3.0,96.0,514.0
2019-02-06 11:00:00,1.0,69.0,446.0
2019-02-06 12:00:00,,68.0,535.0
2019-02-06 13:00:00,,149.0,1330.0
2019-02-06 14:00:00,2.0,299.0,2687.0
2019-02-06 15:00:00,5.0,728.0,3699.0
2019-02-06 16:00:00,7.0,980.0,4022.0
2019-02-06 17:00:00,6.0,600.0,4285.0
2019-02-06 18:00:00,10.0,567.0,4302.0
2019-02-06 19:00:00,17.0,653.0,4679.0
2019-02-06 20:00:00,7.0,503.0,3919.0
2019-02-06 21:00:00,18.0,829.0,6301.0
2019-02-06 22:00:00,13.0,790.0,4558.0
2019-02-06 23:00:00,11.0,468.0,3224.0
2019-02-07 00:00:00,14.0,570.0,4130.0
2019-02-07 01:00:00,16.0,603.0,4253.0
2019-02-07 02:00:00,6.0,536.0,4047.0
2019-02-07 03:00:00,14.0,439.0,3767.0
2019-02-07 04:00:00,3.0,250.0,1501.0
2019-02-07 05:00:00,9.0,147.0,1418.0
2019-02-07 06:00:00,14.0,163.0,2084.0
2019-02-07 07:00:00,15.0,186.0,1647.0
2019-02-07 08:00:00,2.0,57.0,739.0
2019-02-07 09:00:00,5.0,28.0,165.0
2019-02-07 10:00:00,3.0,37.0,639.0
2019-02-07 11:00:00,2.0,47.0,478.0
2019-02-07 12:00:00,1.0,77.0,448.0
2019-02-07 13:00:00,,180.0,1693.0
2019-02-07 14:00:00,6.0,327.0,2607.0
2019-02-07 15:00:00,6.0,499.0,3397.0
2019-02-07 16:00:00,12.0,625.0,3788.0
2019-02-07 17:00:00,13.0,594.0,3806.0
2019-02-07 18:00:00,16.0,767.0,3780.0
2019-02-07 19:00:00,12.0,796.0,3848.0
2019-02-07 20:00:00,15.0,683.0,4106.0
2019-02-07 21:00:00,10.0,588.0,3861.0
2019-02-07 22:00:00,11.0,485.0,3707.0
2019-02-07 23:00:00,5.0,496.0,3694.0
2019-02-08 00:00:00,15.0,510.0,3678.0
2019-02-08 01:00:00,17.0,539.0,3693.0
2019-02-08 02:00:00,4.0,469.0,3799.0
2019-02-08 03:00:00,4.0,378.0,2773.0
2019-02-08 04:00:00,3.0,210.0,1413.0
2019-02-08 05:00:00,9.0,162.0,1628.0
2019-02-08 06:00:00,12.0,173.0,1931.0
2019-02-08 07:00:00,8.0,124.0,1207.0
2019-02-08 08:00:00,18.0,79.0,601.0
2019-02-08 09:00:00,3.0,30.0,398.0
2019-02-08 10:00:00,3.0,46.0,360.0
2019-02-08 11:00:00,2.0,48.0,418.0
2019-02-08 12:00:00,3.0,69.0,561.0
2019-02-08 13:00:00,9.0,142.0,1578.0
2019-02-08 14:00:00,5.0,347.0,2754.0
2019-02-08 15:00:00,6.0,575.0,3147.0
2019-02-08 16:00:00,13.0,567.0,3334.0
2019-02-08 17:00:00,10.0,689.0,3315.0
2019-02-08 18:00:00,14.0,720.0,3864.0
2019-02-08 19:00:00,18.0,665.0,4035.0
2019-02-08 20:00:00,15.0,697.0,4023.0
2019-02-08 21:00:00,18.0,820.0,4019.0
2019-02-08 22:00:00,17.0,674.0,4264.0
2019-02-08 23:00:00,12.0,620.0,4072.0
2019-02-09 00:00:00,10.0,601.0,3771.0
2019-02-09 01:00:00,19.0,492.0,3325.0
2019-02-09 02:00:00,6.0,385.0,2888.0
2019-02-09 03:00:00,10.0,320.0,2555.0
2019-02-09 04:00:00,7.0,242.0,2160.0
2019-02-09 05:00:00,8.0,182.0,1876.0
2019-02-09 06:00:00,21.0,200.0,1848.0
2019-02-09 07:00:00,6.0,175.0,1982.0
2019-02-09 08:00:00,,72.0,460.0
2019-02-09 09:00:00,3.0,45.0,446.0
2019-02-09 10:00:00,,61.0,341.0
2019-02-09 11:00:00,4.0,43.0,541.0
2019-02-09 12:00:00,1.0,76.0,600.0
2019-02-09 13:00:00,3.0,162.0,1739.0
2019-02-09 14:00:00,4.0,383.0,2803.0
2019-02-09 15:00:00,8.0,584.0,3716.0
2019-02-09 16:00:00,13.0,554.0,4005.0
2019-02-09 17:00:00,11.0,781.0,3975.0
2019-02-09 18:00:00,12.0,637.0,4133.0
2019-02-09 19:00:00,19.0,611.0,4111.0
2019-02-09 20:00:00,16.0,624.0,4274.0
2019-02-09 21:00:00,13.0,623.0,4100.0
2019-02-09 22:00:00,13.0,580.0,4202.0
2019-02-09 23:00:00,17.0,644.0,4109.0
2019-02-10 00:00:00,12.0,553.0,3335.0
2019-02-10 01:00:00,9.0,440.0,2912.0
2019-02-10 02:00:00,8.0,321.0,2527.0
2019-02-10 03:00:00,9.0,294.0,2289.0
2019-02-10 04:00:00,14.0,258.0,2106.0
2019-02-10 05:00:00,8.0,175.0,1636.0
2019-02-10 06:00:00,2.0,228.0,1917.0
2019-02-10 07:00:00,3.0,162.0,1629.0
2019-02-10 08:00:00,,51.0,255.0
2019-02-10 09:00:00,,23.0,230.0
2019-02-10 10:00:00,4.0,29.0,213.0
2019-02-10 11:00:00,1.0,38.0,333.0
2019-02-10 12:00:00,1.0,80.0,576.0
2019-02-10 13:00:00,,133.0,1177.0
2019-02-10 14:00:00,5.0,238.0,1953.0
2019-02-10 15:00:00,3.0,349.0,2593.0
2019-02-10 16:00:00,12.0,509.0,3060.0
2019-02-10 17:00:00,11.0,630.0,3222.0
2019-02-10 18:00:00,5.0,549.0,3186.0
2019-02-10 19:00:00,13.0,625.0,3550.0
2019-02-10 20:00:00,20.0,648.0,3551.0
2019-02-10 21:00:00,11.0,631.0,3597.0
2019-02-10 22:00:00,16.0,849.0,3891.0
2019-02-10 23:00:00,17.0,680.0,3702.0
2019-02-11 00:00:00,16.0,536.0,3227.0
2019-02-11 01:00:00,7.0,322.0,2034.0
2019-02-11 02:00:00,10.0,229.0,1459.0
2019-02-11 03:00:00,3.0,135.0,1114.0
2019-02-11 04:00:00,1.0,98.0,762.0
2019-02-11 05:00:00,3.0,112.0,1160.0
2019-02-11 06:00:00,6.0,179.0,1594.0
2019-02-11 07:00:00,12.0,132.0,817.0
2019-02-11 08:00:00,4.0,68.0,475.0
2019-02-11 09:00:00,,21.0,87.0
2019-02-11 10:00:00,,9.0,63.0
2019-02-11 11:00:00,,7.0,85.0
2019-02-11 12:00:00,,11.0,119.0
2019-02-11 13:00:00,1.0,62.0,471.0
2019-02-11 14:00:00,4.0,79.0,808.0
2019-02-11 15:00:00,6.0,242.0,1103.0
2019-02-11 16:00:00,7.0,340.0,1227.0
2019-02-11 17:00:00,4.0,181.0,1302.0
2019-02-11 18:00:00,5.0,199.0,1313.0
2019-02-11 19:00:00,5.0,288.0,1228.0
2019-02-11 20:00:00,4.0,244.0,1238.0
2019-02-11 21:00:00,3.0,181.0,1331.0
2019-02-11 22:00:00,4.0,157.0,1382.0
2019-02-11 23:00:00,6.0,161.0,1389.0
2019-02-12 00:00:00,4.0,177.0,1367.0
2019-02-12 01:00:00,4.0,184.0,1383.0
2019-02-12 02:00:00,4.0,149.0,967.0
2019-02-12 03:00:00,3.0,106.0,564.0
2019-02-12 04:00:00,1.0,71.0,399.0
2019-02-12 05:00:00,1.0,59.0,571.0
2019-02-12 06:00:00,22.0,316.0,3662.0
2019-02-12 07:00:00,51.0,2028.0,15017.0
2019-02-12 08:00:00,29.0,1245.0,9445.0
2019-02-12 09:00:00,19.0,840.0,4923.0
2019-02-12 10:00:00,38.0,481.0,5210.0
2019-02-12 11:00:00,1.0,88.0,1183.0
2019-02-12 12:00:00,2.0,39.0,402.0
2019-02-12 13:00:00,2.0,162.0,1430.0
2019-02-12 14:00:00,15.0,280.0,2623.0
2019-02-12 15:00:00,13.0,488.0,3518.0
2019-02-12 16:00:00,23.0,668.0,3981.0
2019-02-12 17:00:00,18.0,531.0,3443.0
2019-02-12 18:00:00,15.0,565.0,3498.0
2019-02-12 19:00:00,14.0,443.0,3393.0
2019-02-12 20:00:00,15.0,512.0,3680.0
2019-02-12 21:00:00,8.0,864.0,4103.0
2019-02-12 22:00:00,14.0,656.0,3825.0
2019-02-12 23:00:00,20.0,633.0,3926.0
2019-02-13 00:00:00,27.0,714.0,3692.0
2019-02-13 01:00:00,27.0,485.0,2938.0
2019-02-13 02:00:00,15.0,388.0,2148.0
2019-02-13 03:00:00,7.0,170.0,1470.0
2019-02-13 04:00:00,7.0,138.0,1049.0
2019-02-13 05:00:00,5.0,128.0,1306.0
2019-02-13 06:00:00,13.0,127.0,1823.0
2019-02-13 07:00:00,18.0,97.0,1484.0
2019-02-13 08:00:00,4.0,139.0,534.0
2019-02-13 09:00:00,4.0,83.0,868.0
2019-02-13 10:00:00,8.0,52.0,420.0
2019-02-13 11:00:00,1.0,28.0,349.0
2019-02-13 12:00:00,,39.0,368.0
2019-02-13 13:00:00,5.0,137.0,1068.0
2019-02-13 14:00:00,13.0,242.0,2296.0
2019-02-13 15:00:00,17.0,421.0,3393.0
2019-02-13 16:00:00,18.0,1012.0,3440.0
2019-02-13 17:00:00,20.0,919.0,3662.0
2019-02-13 18:00:00,17.0,791.0,3446.0
2019-02-13 19:00:00,12.0,472.0,3337.0
2019-02-13 20:00:00,19.0,465.0,3876.0
2019-02-13 21:00:00,21.0,547.0,3934.0
2019-02-13 22:00:00,12.0,518.0,4083.0
2019-02-13 23:00:00,11.0,405.0,3009.0
